33503264-86D9-03CA-0110-3A16A6F0585E,1000348,gerentest,10001002,0,TNOV,ETH,,0.0000000000,0.0000000000,0.0000000000,0.0000000000,0.0000000000,0.0000000000,0.0000000000,2024-12-05 03:01:00.6384214,0.0000000000,0.0000000000,NULL,0,NULL,NULL,2024-12-05 03:01:00.0198511,NULL,2024-12-05 02:58:00.0108601,2024-12-05 03:01:00.0198511
64DEF8BE-2157-A8F8-66A8-3A16A6F05875,1000348,gerentest,10001002,0,BTC,BTC,2N3K3mDt73daNBvmB4Xm8HLcnZA5zeYUCCv,0.0000000000,0.0000000000,0.0000000000,0.0000000000,0.0000000000,0.0000000000,0.0000000000,2024-12-05 03:01:00.6615992,0.0000000000,0.0000000000,NULL,0,NULL,NULL,2024-12-05 03:01:00.0198511,NULL,2024-12-05 02:58:00.0108601,2024-12-05 03:01:00.0198511
1C25AC1D-73B5-C0EA-F3A2-3A16A6F05891,1000348,gerentest,10001002,0,ETH,ETH,0x2e9e22f64ba0f37db5262ef46df56187512d7e0b,0.0714502603,0.0714502603,0.0000000000,0.0000000000,0.0000000000,0.0000000000,0.0000000000,2024-12-05 03:01:00.6897634,0.0000000000,0.0000000000,NULL,0,NULL,NULL,2024-12-05 03:01:00.0198511,NULL,2024-12-05 02:58:00.0108601,2024-12-05 03:01:00.0198511
6A36259A-A2B0-6963-1B5D-3A16A6F31778,1000348,gerentest,10001002,0,TNOV,ETH,,0.0000000000,0.0000000000,0.0000000000,0.0000000000,0.0000000000,0.0000000000,0.0000000000,2024-12-05 03:04:00.6323613,0.0000000000,0.0000000000,NULL,0,NULL,NULL,2024-12-05 03:04:00.0144532,NULL,2024-12-05 03:01:00.0198511,2024-12-05 03:04:00.0144532
156A3C17-7887-CC45-EAB7-3A16A6F3178E,1000348,gerentest,10001002,0,BTC,BTC,2N3K3mDt73daNBvmB4Xm8HLcnZA5zeYUCCv,0.0000000000,0.0000000000,0.0000000000,0.0000000000,0.0000000000,0.0000000000,0.0000000000,2024-12-05 03:04:00.6546906,0.0000000000,0.0000000000,NULL,0,NULL,NULL,2024-12-05 03:04:00.0144532,NULL,2024-12-05 03:01:00.0198511,2024-12-05 03:04:00.0144532
ED9268D1-EBD6-6A92-152B-3A16A6F317AA,1000348,gerentest,10001002,0,ETH,ETH,0x2e9e22f64ba0f37db5262ef46df56187512d7e0b,0.0714502603,0.0714502603,0.0000000000,0.0000000000,0.0000000000,0.0000000000,0.0000000000,2024-12-05 03:04:00.6823565,0.0000000000,0.0000000000,NULL,0,NULL,NULL,2024-12-05 03:04:00.0144532,NULL,2024-12-05 03:01:00.0198511,2024-12-05 03:04:00.0144532
05068D68-CFD5-B6EC-33C7-3A16A6F5D9B7,1000348,gerentest,10001002,0,TNOV,ETH,,0.0000000000,0.0000000000,0.0000000000,0.0000000000,0.0000000000,0.0000000000,0.0000000000,2024-12-05 03:07:01.4314601,0.0000000000,0.0000000000,NULL,0,NULL,NULL,2024-12-05 03:07:00.8400489,NULL,2024-12-05 03:04:00.0144532,2024-12-05 03:07:00.8400489
62E60F0F-D5D5-64C7-E829-3A16A6F5DA09,1000348,gerentest,10001002,0,BTC,BTC,2N3K3mDt73daNBvmB4Xm8HLcnZA5zeYUCCv,0.0000000000,0.0000000000,0.0000000000,0.0000000000,0.0000000000,0.0000000000,0.0000000000,2024-12-05 03:07:01.5142039,0.0000000000,0.0000000000,NULL,0,NULL,NULL,2024-12-05 03:07:00.8400489,NULL,2024-12-05 03:04:00.0144532,2024-12-05 03:07:00.8400489
1B5008A3-367A-853E-7241-3A16A6F5DA4B,1000348,gerentest,10001002,0,ETH,ETH,0x2e9e22f64ba0f37db5262ef46df56187512d7e0b,0.0714502603,0.0714502603,0.0000000000,0.0000000000,0.0000000000,0.0000000000,0.0000000000,2024-12-05 03:07:01.5799668,0.0000000000,0.0000000000,NULL,0,NULL,NULL,2024-12-05 03:07:00.8400489,NULL,2024-12-05 03:04:00.0144532,2024-12-05 03:07:00.8400489
45FAF383-3286-7C67-2F41-3A16A6F89575,1000348,gerentest,10001002,0,TNOV,ETH,,0.0000000000,0.0000000000,0.0000000000,0.0000000000,0.0000000000,0.0000000000,0.0000000000,2024-12-05 03:10:00.5657749,0.0000000000,0.0000000000,NULL,0,NULL,NULL,2024-12-05 03:10:00.0135773,NULL,2024-12-05 03:07:00.8400489,2024-12-05 03:10:00.0135773
27123611-4B09-9A10-AD2A-3A16A6F8958D,1000348,gerentest,10001002,0,BTC,BTC,2N3K3mDt73daNBvmB4Xm8HLcnZA5zeYUCCv,0.0000000000,0.0000000000,0.0000000000,0.0000000000,0.0000000000,0.0000000000,0.0000000000,2024-12-05 03:10:00.5897003,0.0000000000,0.0000000000,NULL,0,NULL,NULL,2024-12-05 03:10:00.0135773,NULL,2024-12-05 03:07:00.8400489,2024-12-05 03:10:00.0135773
739025A9-3029-504A-AC05-3A16A6F895C5,1000348,gerentest,10001002,0,ETH,ETH,0x2e9e22f64ba0f37db5262ef46df56187512d7e0b,0.0714502603,0.0714502603,0.0000000000,0.0000000000,0.0000000000,0.0000000000,0.0000000000,2024-12-05 03:10:00.6454731,0.0000000000,0.0000000000,NULL,0,NULL,NULL,2024-12-05 03:10:00.0135773,NULL,2024-12-05 03:07:00.8400489,2024-12-05 03:10:00.0135773
66AB80FB-936A-96D0-FAD1-3A16A6FB5555,1000348,gerentest,10001002,0,TNOV,ETH,,0.0000000000,0.0000000000,0.0000000000,0.0000000000,0.0000000000,0.0000000000,0.0000000000,2024-12-05 03:13:00.7578920,0.0000000000,0.0000000000,NULL,0,NULL,NULL,2024-12-05 03:13:00.0131899,NULL,2024-12-05 03:10:00.0135773,2024-12-05 03:13:00.0131899
B184DA57-505A-1B83-7568-3A16A6FB560C,1000348,gerentest,10001002,0,BTC,BTC,2N3K3mDt73daNBvmB4Xm8HLcnZA5zeYUCCv,0.0000000000,0.0000000000,0.0000000000,0.0000000000,0.0000000000,0.0000000000,0.0000000000,2024-12-05 03:13:00.9407594,0.0000000000,0.0000000000,NULL,0,NULL,NULL,2024-12-05 03:13:00.0131899,NULL,2024-12-05 03:10:00.0135773,2024-12-05 03:13:00.0131899
E55ADD3F-B659-B564-8A9F-3A16A6FB5626,1000348,gerentest,10001002,0,ETH,ETH,0x2e9e22f64ba0f37db5262ef46df56187512d7e0b,0.0714502603,0.0714502603,0.0000000000,0.0000000000,0.0000000000,0.0000000000,0.0000000000,2024-12-05 03:13:00.9662511,0.0000000000,0.0000000000,NULL,0,NULL,NULL,2024-12-05 03:13:00.0131899,NULL,2024-12-05 03:10:00.0135773,2024-12-05 03:13:00.0131899
7C775CF8-6520-99A1-345C-3A16A6FE13C7,1000348,gerentest,10001002,0,TNOV,ETH,,0.0000000000,0.0000000000,0.0000000000,0.0000000000,0.0000000000,0.0000000000,0.0000000000,2024-12-05 03:16:00.5839991,0.0000000000,0.0000000000,NULL,0,NULL,NULL,2024-12-05 03:16:00.0087780,NULL,2024-12-05 03:13:00.0131899,2024-12-05 03:16:00.0087780
7C8BFBC5-7F86-7CB2-8381-3A16A6FE1404,1000348,gerentest,10001002,0,BTC,BTC,2N3K3mDt73daNBvmB4Xm8HLcnZA5zeYUCCv,0.0000000000,0.0000000000,0.0000000000,0.0000000000,0.0000000000,0.0000000000,0.0000000000,2024-12-05 03:16:00.6443608,0.0000000000,0.0000000000,NULL,0,NULL,NULL,2024-12-05 03:16:00.0087780,NULL,2024-12-05 03:13:00.0131899,2024-12-05 03:16:00.0087780
87995ADE-7CF2-68CE-0C8E-3A16A6FE1418,1000348,gerentest,10001002,0,ETH,ETH,0x2e9e22f64ba0f37db5262ef46df56187512d7e0b,0.0714502603,0.0714502603,0.0000000000,0.0000000000,0.0000000000,0.0000000000,0.0000000000,2024-12-05 03:16:00.6645140,0.0000000000,0.0000000000,NULL,0,NULL,NULL,2024-12-05 03:16:00.0087780,NULL,2024-12-05 03:13:00.0131899,2024-12-05 03:16:00.0087780
481D3B85-5826-5836-B57C-3A16A700D327,1000348,gerentest,10001002,0,TNOV,ETH,,0.0000000000,0.0000000000,0.0000000000,0.0000000000,0.0000000000,0.0000000000,0.0000000000,2024-12-05 03:19:00.6485926,0.0000000000,0.0000000000,NULL,0,NULL,NULL,2024-12-05 03:19:00.0110788,NULL,2024-12-05 03:16:00.0087780,2024-12-05 03:19:00.0110788
B9650E9E-F295-CE82-703F-3A16A700D347,1000348,gerentest,10001002,0,BTC,BTC,2N3K3mDt73daNBvmB4Xm8HLcnZA5zeYUCCv,0.0000000000,0.0000000000,0.0000000000,0.0000000000,0.0000000000,0.0000000000,0.0000000000,2024-12-05 03:19:00.6795036,0.0000000000,0.0000000000,NULL,0,NULL,NULL,2024-12-05 03:19:00.0110788,NULL,2024-12-05 03:16:00.0087780,2024-12-05 03:19:00.0110788
2D25FB67-1C12-5E85-E565-3A16A700D37C,1000348,gerentest,10001002,0,ETH,ETH,0x2e9e22f64ba0f37db5262ef46df56187512d7e0b,0.0714502603,0.0714502603,0.0000000000,0.0000000000,0.0000000000,0.0000000000,0.0000000000,2024-12-05 03:19:00.7323494,0.0000000000,0.0000000000,NULL,0,NULL,NULL,2024-12-05 03:19:00.0110788,NULL,2024-12-05 03:16:00.0087780,2024-12-05 03:19:00.0110788
4697B3E2-0693-286F-7190-3A16A7039209,1000348,gerentest,10001002,0,TNOV,ETH,,0.0000000000,0.0000000000,0.0000000000,0.0000000000,0.0000000000,0.0000000000,0.0000000000,2024-12-05 03:22:00.5855212,0.0000000000,0.0000000000,NULL,0,NULL,NULL,2024-12-05 03:22:00.0099137,NULL,2024-12-05 03:19:00.0110788,2024-12-05 03:22:00.0099137
CCAFBF5D-9E4C-0BDD-F040-3A16A7039222,1000348,gerentest,10001002,0,BTC,BTC,2N3K3mDt73daNBvmB4Xm8HLcnZA5zeYUCCv,0.0000000000,0.0000000000,0.0000000000,0.0000000000,0.0000000000,0.0000000000,0.0000000000,2024-12-05 03:22:00.6102549,0.0000000000,0.0000000000,NULL,0,NULL,NULL,2024-12-05 03:22:00.0099137,NULL,2024-12-05 03:19:00.0110788,2024-12-05 03:22:00.0099137
7AD94B68-F0B7-3ED2-1BA8-3A16A703924D,1000348,gerentest,10001002,0,ETH,ETH,0x2e9e22f64ba0f37db5262ef46df56187512d7e0b,0.0714502603,0.0714502603,0.0000000000,0.0000000000,0.0000000000,0.0000000000,0.0000000000,2024-12-05 03:22:00.6541556,0.0000000000,0.0000000000,NULL,0,NULL,NULL,2024-12-05 03:22:00.0099137,NULL,2024-12-05 03:19:00.0110788,2024-12-05 03:22:00.0099137
BCD12E97-2AB1-628E-61C7-3A16A7065416,1000348,gerentest,10001002,0,TNOV,ETH,,0.0000000000,0.0000000000,0.0000000000,0.0000000000,0.0000000000,0.0000000000,0.0000000000,2024-12-05 03:25:01.3349500,0.0000000000,0.0000000000,NULL,0,NULL,NULL,2024-12-05 03:25:00.0113361,NULL,2024-12-05 03:22:00.0099137,2024-12-05 03:25:00.0113361
50433358-C9E1-0113-9BB5-3A16A706542A,1000348,gerentest,10001002,0,BTC,BTC,2N3K3mDt73daNBvmB4Xm8HLcnZA5zeYUCCv,0.0000000000,0.0000000000,0.0000000000,0.0000000000,0.0000000000,0.0000000000,0.0000000000,2024-12-05 03:25:01.3542511,0.0000000000,0.0000000000,NULL,0,NULL,NULL,2024-12-05 03:25:00.0113361,NULL,2024-12-05 03:22:00.0099137,2024-12-05 03:25:00.0113361
81A7E0B3-8B6F-398F-DCF7-3A16A7065443,1000348,gerentest,10001002,0,ETH,ETH,0x2e9e22f64ba0f37db5262ef46df56187512d7e0b,0.0714502603,0.0714502603,0.0000000000,0.0000000000,0.0000000000,0.0000000000,0.0000000000,2024-12-05 03:25:01.3794145,0.0000000000,0.0000000000,NULL,0,NULL,NULL,2024-12-05 03:25:00.0113361,NULL,2024-12-05 03:22:00.0099137,2024-12-05 03:25:00.0113361
236525EF-4B9C-7ACD-E0E7-3A16A7091480,1000348,gerentest,10001002,0,TNOV,ETH,,0.0000000000,0.0000000000,0.0000000000,0.0000000000,0.0000000000,0.0000000000,0.0000000000,2024-12-05 03:28:01.6643537,0.0000000000,0.0000000000,NULL,0,NULL,NULL,2024-12-05 03:28:01.0080834,NULL,2024-12-05 03:25:00.0113361,2024-12-05 03:28:01.0080834
B14F6090-E8D4-42A8-0BF2-3A16A70914AD,1000348,gerentest,10001002,0,BTC,BTC,2N3K3mDt73daNBvmB4Xm8HLcnZA5zeYUCCv,0.0000000000,0.0000000000,0.0000000000,0.0000000000,0.0000000000,0.0000000000,0.0000000000,2024-12-05 03:28:01.7092284,0.0000000000,0.0000000000,NULL,0,NULL,NULL,2024-12-05 03:28:01.0080834,NULL,2024-12-05 03:25:00.0113361,2024-12-05 03:28:01.0080834
4B8A7210-0F20-7F38-5F7C-3A16A70914CF,1000348,gerentest,10001002,0,ETH,ETH,0x2e9e22f64ba0f37db5262ef46df56187512d7e0b,0.0714502603,0.0714502603,0.0000000000,0.0000000000,0.0000000000,0.0000000000,0.0000000000,2024-12-05 03:28:01.7432349,0.0000000000,0.0000000000,NULL,0,NULL,NULL,2024-12-05 03:28:01.0080834,NULL,2024-12-05 03:25:00.0113361,2024-12-05 03:28:01.0080834
CB28D7ED-F9D4-1BBC-D618-3A16A70BD035,1000348,gerentest,10001002,0,TNOV,ETH,,0.0000000000,0.0000000000,0.0000000000,0.0000000000,0.0000000000,0.0000000000,0.0000000000,2024-12-05 03:31:00.7898768,0.0000000000,0.0000000000,NULL,0,NULL,NULL,2024-12-05 03:31:00.0147576,NULL,2024-12-05 03:28:01.0080834,2024-12-05 03:31:00.0147576
193D48EF-59A2-8CB6-0BCA-3A16A70BD06D,1000348,gerentest,10001002,0,BTC,BTC,2N3K3mDt73daNBvmB4Xm8HLcnZA5zeYUCCv,0.0000000000,0.0000000000,0.0000000000,0.0000000000,0.0000000000,0.0000000000,0.0000000000,2024-12-05 03:31:00.8452246,0.0000000000,0.0000000000,NULL,0,NULL,NULL,2024-12-05 03:31:00.0147576,NULL,2024-12-05 03:28:01.0080834,2024-12-05 03:31:00.0147576
C45343CC-453D-7BC2-A6BA-3A16A70BD099,1000348,gerentest,10001002,0,ETH,ETH,0x2e9e22f64ba0f37db5262ef46df56187512d7e0b,0.0714502603,0.0714502603,0.0000000000,0.0000000000,0.0000000000,0.0000000000,0.0000000000,2024-12-05 03:31:00.8892762,0.0000000000,0.0000000000,NULL,0,NULL,NULL,2024-12-05 03:31:00.0147576,NULL,2024-12-05 03:28:01.0080834,2024-12-05 03:31:00.0147576
2AFC9B15-0774-45F8-B3DD-3A16A70E8EF1,1000348,gerentest,10001002,0,TNOV,ETH,,0.0000000000,0.0000000000,0.0000000000,0.0000000000,0.0000000000,0.0000000000,0.0000000000,2024-12-05 03:34:00.6898845,0.0000000000,0.0000000000,NULL,0,NULL,NULL,2024-12-05 03:34:00.0208498,NULL,2024-12-05 03:31:00.0147576,2024-12-05 03:34:00.0208498
5A571A55-A250-33B2-A4E0-3A16A70E8F03,1000348,gerentest,10001002,0,BTC,BTC,2N3K3mDt73daNBvmB4Xm8HLcnZA5zeYUCCv,0.0000000000,0.0000000000,0.0000000000,0.0000000000,0.0000000000,0.0000000000,0.0000000000,2024-12-05 03:34:00.7078812,0.0000000000,0.0000000000,NULL,0,NULL,NULL,2024-12-05 03:34:00.0208498,NULL,2024-12-05 03:31:00.0147576,2024-12-05 03:34:00.0208498
5C949D6B-F0E4-9239-608E-3A16A70E8F2E,1000348,gerentest,10001002,0,ETH,ETH,0x2e9e22f64ba0f37db5262ef46df56187512d7e0b,0.0714502603,0.0714502603,0.0000000000,0.0000000000,0.0000000000,0.0000000000,0.0000000000,2024-12-05 03:34:00.7505792,0.0000000000,0.0000000000,NULL,0,NULL,NULL,2024-12-05 03:34:00.0208498,NULL,2024-12-05 03:31:00.0147576,2024-12-05 03:34:00.0208498
22E7A5F1-35D2-8BEC-79CD-3A16A7115156,1000348,gerentest,10001002,0,TNOV,ETH,,0.0000000000,0.0000000000,0.0000000000,0.0000000000,0.0000000000,0.0000000000,0.0000000000,2024-12-05 03:37:01.5264472,0.0000000000,0.0000000000,NULL,0,NULL,NULL,2024-12-05 03:37:00.8805942,NULL,2024-12-05 03:34:00.0208498,2024-12-05 03:37:00.8805942
64F893CF-54EA-5B34-ED3B-3A16A7115184,1000348,gerentest,10001002,0,BTC,BTC,2N3K3mDt73daNBvmB4Xm8HLcnZA5zeYUCCv,0.0000000000,0.0000000000,0.0000000000,0.0000000000,0.0000000000,0.0000000000,0.0000000000,2024-12-05 03:37:01.5728912,0.0000000000,0.0000000000,NULL,0,NULL,NULL,2024-12-05 03:37:00.8805942,NULL,2024-12-05 03:34:00.0208498,2024-12-05 03:37:00.8805942
5F7C9D7F-B136-CDDB-074D-3A16A71151D8,1000348,gerentest,10001002,0,ETH,ETH,0x2e9e22f64ba0f37db5262ef46df56187512d7e0b,0.0714502603,0.0714502603,0.0000000000,0.0000000000,0.0000000000,0.0000000000,0.0000000000,2024-12-05 03:37:01.6562882,0.0000000000,0.0000000000,NULL,0,NULL,NULL,2024-12-05 03:37:00.8805942,NULL,2024-12-05 03:34:00.0208498,2024-12-05 03:37:00.8805942
20C097DF-0206-D71B-5A66-3A16A7140CDD,1000348,gerentest,10001002,0,TNOV,ETH,,0.0000000000,0.0000000000,0.0000000000,0.0000000000,0.0000000000,0.0000000000,0.0000000000,2024-12-05 03:40:00.6055475,0.0000000000,0.0000000000,NULL,0,NULL,NULL,2024-12-05 03:40:00.0143192,NULL,2024-12-05 03:37:00.8805942,2024-12-05 03:40:00.0143192
8998CC2C-8DE7-4141-3E37-3A16A7140D04,1000348,gerentest,10001002,0,BTC,BTC,2N3K3mDt73daNBvmB4Xm8HLcnZA5zeYUCCv,0.0000000000,0.0000000000,0.0000000000,0.0000000000,0.0000000000,0.0000000000,0.0000000000,2024-12-05 03:40:00.6445888,0.0000000000,0.0000000000,NULL,0,NULL,NULL,2024-12-05 03:40:00.0143192,NULL,2024-12-05 03:37:00.8805942,2024-12-05 03:40:00.0143192
DD87C1EB-6491-AA31-52C7-3A16A7140D23,1000348,gerentest,10001002,0,ETH,ETH,0x2e9e22f64ba0f37db5262ef46df56187512d7e0b,0.0714502603,0.0714502603,0.0000000000,0.0000000000,0.0000000000,0.0000000000,0.0000000000,2024-12-05 03:40:00.6754464,0.0000000000,0.0000000000,NULL,0,NULL,NULL,2024-12-05 03:40:00.0143192,NULL,2024-12-05 03:37:00.8805942,2024-12-05 03:40:00.0143192
8AA17F35-67E1-B5B0-05A4-3A16A716CC56,1000348,gerentest,10001002,0,TNOV,ETH,,0.0000000000,0.0000000000,0.0000000000,0.0000000000,0.0000000000,0.0000000000,0.0000000000,2024-12-05 03:43:00.6948702,0.0000000000,0.0000000000,NULL,0,NULL,NULL,2024-12-05 03:43:00.0182729,NULL,2024-12-05 03:40:00.0143192,2024-12-05 03:43:00.0182729
E5E09E0F-C0DB-676E-33BA-3A16A716CC7C,1000348,gerentest,10001002,0,BTC,BTC,2N3K3mDt73daNBvmB4Xm8HLcnZA5zeYUCCv,0.0000000000,0.0000000000,0.0000000000,0.0000000000,0.0000000000,0.0000000000,0.0000000000,2024-12-05 03:43:00.7322553,0.0000000000,0.0000000000,NULL,0,NULL,NULL,2024-12-05 03:43:00.0182729,NULL,2024-12-05 03:40:00.0143192,2024-12-05 03:43:00.0182729
537AFBB3-61AB-82F3-B986-3A16A716CC9F,1000348,gerentest,10001002,0,ETH,ETH,0x2e9e22f64ba0f37db5262ef46df56187512d7e0b,0.0714502603,0.0714502603,0.0000000000,0.0000000000,0.0000000000,0.0000000000,0.0000000000,2024-12-05 03:43:00.7678361,0.0000000000,0.0000000000,NULL,0,NULL,NULL,2024-12-05 03:43:00.0182729,NULL,2024-12-05 03:40:00.0143192,2024-12-05 03:43:00.0182729
6F382E7A-C21F-F168-49FB-3A16A719905F,1000348,gerentest,10001002,0,TNOV,ETH,,0.0000000000,0.0000000000,0.0000000000,0.0000000000,0.0000000000,0.0000000000,0.0000000000,2024-12-05 03:46:01.9513759,0.0000000000,0.0000000000,NULL,0,NULL,NULL,2024-12-05 03:46:01.3615369,NULL,2024-12-05 03:43:00.0182729,2024-12-05 03:46:01.3615369
E1D92170-88A3-32EA-70B9-3A16A7199083,1000348,gerentest,10001002,0,BTC,BTC,2N3K3mDt73daNBvmB4Xm8HLcnZA5zeYUCCv,0.0000000000,0.0000000000,0.0000000000,0.0000000000,0.0000000000,0.0000000000,0.0000000000,2024-12-05 03:46:01.9873939,0.0000000000,0.0000000000,NULL,0,NULL,NULL,2024-12-05 03:46:01.3615369,NULL,2024-12-05 03:43:00.0182729,2024-12-05 03:46:01.3615369
4D51DC36-F976-500C-E12E-3A16A71990BC,1000348,gerentest,10001002,0,ETH,ETH,0x2e9e22f64ba0f37db5262ef46df56187512d7e0b,0.0714502603,0.0714502603,0.0000000000,0.0000000000,0.0000000000,0.0000000000,0.0000000000,2024-12-05 03:46:02.0442916,0.0000000000,0.0000000000,NULL,0,NULL,NULL,2024-12-05 03:46:01.3615369,NULL,2024-12-05 03:43:00.0182729,2024-12-05 03:46:01.3615369
ECBF9974-4286-4C36-47AC-3A16A71C4A9A,1000348,gerentest,10001002,0,TNOV,ETH,,0.0000000000,0.0000000000,0.0000000000,0.0000000000,0.0000000000,0.0000000000,0.0000000000,2024-12-05 03:49:00.6985608,0.0000000000,0.0000000000,NULL,0,NULL,NULL,2024-12-05 03:49:00.0165149,NULL,2024-12-05 03:46:01.3615369,2024-12-05 03:49:00.0165149
2DEDE15F-F90E-8B4D-EA1F-3A16A71C4AD3,1000348,gerentest,10001002,0,BTC,BTC,2N3K3mDt73daNBvmB4Xm8HLcnZA5zeYUCCv,0.0000000000,0.0000000000,0.0000000000,0.0000000000,0.0000000000,0.0000000000,0.0000000000,2024-12-05 03:49:00.7557613,0.0000000000,0.0000000000,NULL,0,NULL,NULL,2024-12-05 03:49:00.0165149,NULL,2024-12-05 03:46:01.3615369,2024-12-05 03:49:00.0165149
84D6C9E7-1DE3-C020-8C0E-3A16A71C4AED,1000348,gerentest,10001002,0,ETH,ETH,0x2e9e22f64ba0f37db5262ef46df56187512d7e0b,0.0714502603,0.0714502603,0.0000000000,0.0000000000,0.0000000000,0.0000000000,0.0000000000,2024-12-05 03:49:00.7813599,0.0000000000,0.0000000000,NULL,0,NULL,NULL,2024-12-05 03:49:00.0165149,NULL,2024-12-05 03:46:01.3615369,2024-12-05 03:49:00.0165149
6955E5F7-D91B-71C3-1AEA-3A16A71F0986,1000348,gerentest,10001002,0,TNOV,ETH,,0.0000000000,0.0000000000,0.0000000000,0.0000000000,0.0000000000,0.0000000000,0.0000000000,2024-12-05 03:52:00.6465029,0.0000000000,0.0000000000,NULL,0,NULL,NULL,2024-12-05 03:52:00.0124909,NULL,2024-12-05 03:49:00.0165149,2024-12-05 03:52:00.0124909
2FBBADA8-249E-6F6E-E05F-3A16A71F099D,1000348,gerentest,10001002,0,BTC,BTC,2N3K3mDt73daNBvmB4Xm8HLcnZA5zeYUCCv,0.0000000000,0.0000000000,0.0000000000,0.0000000000,0.0000000000,0.0000000000,0.0000000000,2024-12-05 03:52:00.6700545,0.0000000000,0.0000000000,NULL,0,NULL,NULL,2024-12-05 03:52:00.0124909,NULL,2024-12-05 03:49:00.0165149,2024-12-05 03:52:00.0124909
88732B02-5AB4-E57E-D6FF-3A16A71F09B5,1000348,gerentest,10001002,0,ETH,ETH,0x2e9e22f64ba0f37db5262ef46df56187512d7e0b,0.0714502603,0.0714502603,0.0000000000,0.0000000000,0.0000000000,0.0000000000,0.0000000000,2024-12-05 03:52:00.6934101,0.0000000000,0.0000000000,NULL,0,NULL,NULL,2024-12-05 03:52:00.0124909,NULL,2024-12-05 03:49:00.0165149,2024-12-05 03:52:00.0124909
859117B4-0188-F849-179E-3A16A721C883,1000348,gerentest,10001002,0,TNOV,ETH,,0.0000000000,0.0000000000,0.0000000000,0.0000000000,0.0000000000,0.0000000000,0.0000000000,2024-12-05 03:55:00.6112517,0.0000000000,0.0000000000,NULL,0,NULL,NULL,2024-12-05 03:55:00.0219838,NULL,2024-12-05 03:52:00.0124909,2024-12-05 03:55:00.0219838
68406BD6-92B2-9EFC-B54D-3A16A721C8A1,1000348,gerentest,10001002,0,BTC,BTC,2N3K3mDt73daNBvmB4Xm8HLcnZA5zeYUCCv,0.0000000000,0.0000000000,0.0000000000,0.0000000000,0.0000000000,0.0000000000,0.0000000000,2024-12-05 03:55:00.6417747,0.0000000000,0.0000000000,NULL,0,NULL,NULL,2024-12-05 03:55:00.0219838,NULL,2024-12-05 03:52:00.0124909,2024-12-05 03:55:00.0219838
A5095B13-07CE-442D-D2BA-3A16A721C8B9,1000348,gerentest,10001002,0,ETH,ETH,0x2e9e22f64ba0f37db5262ef46df56187512d7e0b,0.0714502603,0.0714502603,0.0000000000,0.0000000000,0.0000000000,0.0000000000,0.0000000000,2024-12-05 03:55:00.6658005,0.0000000000,0.0000000000,NULL,0,NULL,NULL,2024-12-05 03:55:00.0219838,NULL,2024-12-05 03:52:00.0124909,2024-12-05 03:55:00.0219838
52508325-11C5-D910-7FEE-3A16A72487DF,1000348,gerentest,10001002,0,TNOV,ETH,,0.0000000000,0.0000000000,0.0000000000,0.0000000000,0.0000000000,0.0000000000,0.0000000000,2024-12-05 03:58:00.6720803,0.0000000000,0.0000000000,NULL,0,NULL,NULL,2024-12-05 03:58:00.0230782,NULL,2024-12-05 03:55:00.0219838,2024-12-05 03:58:00.0230782
19A0867E-CDD4-EE19-1FA9-3A16A72487FF,1000348,gerentest,10001002,0,BTC,BTC,2N3K3mDt73daNBvmB4Xm8HLcnZA5zeYUCCv,0.0000000000,0.0000000000,0.0000000000,0.0000000000,0.0000000000,0.0000000000,0.0000000000,2024-12-05 03:58:00.7312328,0.0000000000,0.0000000000,NULL,0,NULL,NULL,2024-12-05 03:58:00.0230782,NULL,2024-12-05 03:55:00.0219838,2024-12-05 03:58:00.0230782
5440A229-6A10-0EDC-61C4-3A16A7248F04,1000348,gerentest,10001002,0,ETH,ETH,0x2e9e22f64ba0f37db5262ef46df56187512d7e0b,0.0714502603,0.0710172836,0.0000000000,0.0000000000,0.0000000000,0.0000000000,0.0000000000,2024-12-05 03:58:02.5007700,0.0000000000,0.0004329767,NULL,1,NULL,NULL,2024-12-05 03:58:00.0230782,NULL,2024-12-05 03:55:00.0219838,2024-12-05 03:58:00.0230782
7F2E7479-2980-BF68-42CA-3A16A727474C,1000348,gerentest,10001002,0,TNOV,ETH,,0.0000000000,0.0000000000,0.0000000000,0.0000000000,0.0000000000,0.0000000000,0.0000000000,2024-12-05 04:01:00.7487194,0.0000000000,0.0000000000,NULL,0,NULL,NULL,2024-12-05 04:01:00.0287227,NULL,2024-12-05 03:58:00.0230782,2024-12-05 04:01:00.0287227
47AE7C0A-CA8D-04DD-CA4B-3A16A7274787,1000348,gerentest,10001002,0,BTC,BTC,2N3K3mDt73daNBvmB4Xm8HLcnZA5zeYUCCv,0.0000000000,0.0000000000,0.0000000000,0.0000000000,0.0000000000,0.0000000000,0.0000000000,2024-12-05 04:01:00.8080163,0.0000000000,0.0000000000,NULL,0,NULL,NULL,2024-12-05 04:01:00.0287227,NULL,2024-12-05 03:58:00.0230782,2024-12-05 04:01:00.0287227
F11AE181-9E3D-6072-6C38-3A16A72747A6,1000348,gerentest,10001002,0,ETH,ETH,0x2e9e22f64ba0f37db5262ef46df56187512d7e0b,0.0710172836,0.0710172836,0.0000000000,0.0000000000,0.0000000000,0.0000000000,0.0000000000,2024-12-05 04:01:00.8390743,0.0004329767,0.0000000000,NULL,0,NULL,NULL,2024-12-05 04:01:00.0287227,NULL,2024-12-05 03:58:00.0230782,2024-12-05 04:01:00.0287227
938CDB63-374C-0B3F-BEF5-3A16A72A05D4,1000348,gerentest,10001002,0,TNOV,ETH,,0.0000000000,0.0000000000,0.0000000000,0.0000000000,0.0000000000,0.0000000000,0.0000000000,2024-12-05 04:04:00.5968036,0.0000000000,0.0000000000,NULL,0,NULL,NULL,2024-12-05 04:04:00.0090929,NULL,2024-12-05 04:01:00.0287227,2024-12-05 04:04:00.0090929
9DDA8E19-537F-5085-1894-3A16A72A060E,1000348,gerentest,10001002,0,BTC,BTC,2N3K3mDt73daNBvmB4Xm8HLcnZA5zeYUCCv,0.0000000000,0.0000000000,0.0000000000,0.0000000000,0.0000000000,0.0000000000,0.0000000000,2024-12-05 04:04:00.6543674,0.0000000000,0.0000000000,NULL,0,NULL,NULL,2024-12-05 04:04:00.0090929,NULL,2024-12-05 04:01:00.0287227,2024-12-05 04:04:00.0090929
8B3E930E-3C12-3792-BEDF-3A16A72A0623,1000348,gerentest,10001002,0,ETH,ETH,0x2e9e22f64ba0f37db5262ef46df56187512d7e0b,0.0710172836,0.0710172836,0.0000000000,0.0000000000,0.0000000000,0.0000000000,0.0000000000,2024-12-05 04:04:00.6754120,0.0000000000,0.0000000000,NULL,0,NULL,NULL,2024-12-05 04:04:00.0090929,NULL,2024-12-05 04:01:00.0287227,2024-12-05 04:04:00.0090929
5238E47A-CF0D-A52C-236B-3A16A72CC546,1000348,gerentest,10001002,0,TNOV,ETH,,0.0000000000,0.0000000000,0.0000000000,0.0000000000,0.0000000000,0.0000000000,0.0000000000,2024-12-05 04:07:00.6781948,0.0000000000,0.0000000000,NULL,0,NULL,NULL,2024-12-05 04:07:00.0184603,NULL,2024-12-05 04:04:00.0090929,2024-12-05 04:07:00.0184603
FAD5171B-D9E2-CE61-BBC3-3A16A72CC55B,1000348,gerentest,10001002,0,BTC,BTC,2N3K3mDt73daNBvmB4Xm8HLcnZA5zeYUCCv,0.0000000000,0.0000000000,0.0000000000,0.0000000000,0.0000000000,0.0000000000,0.0000000000,2024-12-05 04:07:00.7000966,0.0000000000,0.0000000000,NULL,0,NULL,NULL,2024-12-05 04:07:00.0184603,NULL,2024-12-05 04:04:00.0090929,2024-12-05 04:07:00.0184603
884A623D-E834-0092-2C52-3A16A72CC575,1000348,gerentest,10001002,0,ETH,ETH,0x2e9e22f64ba0f37db5262ef46df56187512d7e0b,0.0710172836,0.0710172836,0.0000000000,0.0000000000,0.0000000000,0.0000000000,0.0000000000,2024-12-05 04:07:00.7257780,0.0000000000,0.0000000000,NULL,0,NULL,NULL,2024-12-05 04:07:00.0184603,NULL,2024-12-05 04:04:00.0090929,2024-12-05 04:07:00.0184603
1C68FA5A-B71A-31E6-4886-3A16A72F83ED,1000348,gerentest,10001002,0,TNOV,ETH,,0.0000000000,0.0000000000,0.0000000000,0.0000000000,0.0000000000,0.0000000000,0.0000000000,2024-12-05 04:10:00.5574877,0.0000000000,0.0000000000,NULL,0,NULL,NULL,2024-12-05 04:10:00.0164339,NULL,2024-12-05 04:07:00.0184603,2024-12-05 04:10:00.0164339
70C6DA0B-9839-6EDF-D81E-3A16A72F840A,1000348,gerentest,10001002,0,BTC,BTC,2N3K3mDt73daNBvmB4Xm8HLcnZA5zeYUCCv,0.0000000000,0.0000000000,0.0000000000,0.0000000000,0.0000000000,0.0000000000,0.0000000000,2024-12-05 04:10:00.5870941,0.0000000000,0.0000000000,NULL,0,NULL,NULL,2024-12-05 04:10:00.0164339,NULL,2024-12-05 04:07:00.0184603,2024-12-05 04:10:00.0164339
B35F858B-1BC8-F4E0-112C-3A16A72F8442,1000348,gerentest,10001002,0,ETH,ETH,0x2e9e22f64ba0f37db5262ef46df56187512d7e0b,0.0710172836,0.0710172836,0.0000000000,0.0000000000,0.0000000000,0.0000000000,0.0000000000,2024-12-05 04:10:00.6427289,0.0000000000,0.0000000000,NULL,0,NULL,NULL,2024-12-05 04:10:00.0164339,NULL,2024-12-05 04:07:00.0184603,2024-12-05 04:10:00.0164339
83DD1A1F-6F9E-56AF-58BD-3A16A7324308,1000348,gerentest,10001002,0,TNOV,ETH,,0.0000000000,0.0000000000,0.0000000000,0.0000000000,0.0000000000,0.0000000000,0.0000000000,2024-12-05 04:13:00.5530123,0.0000000000,0.0000000000,NULL,0,NULL,NULL,2024-12-05 04:13:00.0141496,NULL,2024-12-05 04:10:00.0164339,2024-12-05 04:13:00.0141496
69704522-5B2D-4AAE-BE7F-3A16A7324332,1000348,gerentest,10001002,0,BTC,BTC,2N3K3mDt73daNBvmB4Xm8HLcnZA5zeYUCCv,0.0000000000,0.0000000000,0.0000000000,0.0000000000,0.0000000000,0.0000000000,0.0000000000,2024-12-05 04:13:00.5945435,0.0000000000,0.0000000000,NULL,0,NULL,NULL,2024-12-05 04:13:00.0141496,NULL,2024-12-05 04:10:00.0164339,2024-12-05 04:13:00.0141496
5EDFE141-6324-638F-A14E-3A16A732434C,1000348,gerentest,10001002,0,ETH,ETH,0x2e9e22f64ba0f37db5262ef46df56187512d7e0b,0.0710172836,0.0710172836,0.0000000000,0.0000000000,0.0000000000,0.0000000000,0.0000000000,2024-12-05 04:13:00.6208690,0.0000000000,0.0000000000,NULL,0,NULL,NULL,2024-12-05 04:13:00.0141496,NULL,2024-12-05 04:10:00.0164339,2024-12-05 04:13:00.0141496
03B2C6ED-5EDC-9DD2-BF79-3A16A735029D,1000348,gerentest,10001002,0,TNOV,ETH,,0.0000000000,0.0000000000,0.0000000000,0.0000000000,0.0000000000,0.0000000000,0.0000000000,2024-12-05 04:16:00.6699396,0.0000000000,0.0000000000,NULL,0,NULL,NULL,2024-12-05 04:16:00.0170942,NULL,2024-12-05 04:13:00.0141496,2024-12-05 04:16:00.0170942
D76947EB-B4C4-A09A-B5A1-3A16A73502CE,1000348,gerentest,10001002,0,BTC,BTC,2N3K3mDt73daNBvmB4Xm8HLcnZA5zeYUCCv,0.0000000000,0.0000000000,0.0000000000,0.0000000000,0.0000000000,0.0000000000,0.0000000000,2024-12-05 04:16:00.7187251,0.0000000000,0.0000000000,NULL,0,NULL,NULL,2024-12-05 04:16:00.0170942,NULL,2024-12-05 04:13:00.0141496,2024-12-05 04:16:00.0170942
78691594-1E9C-0586-E8AF-3A16A73502EB,1000348,gerentest,10001002,0,ETH,ETH,0x2e9e22f64ba0f37db5262ef46df56187512d7e0b,0.0710172836,0.0710172836,0.0000000000,0.0000000000,0.0000000000,0.0000000000,0.0000000000,2024-12-05 04:16:00.7474637,0.0000000000,0.0000000000,NULL,0,NULL,NULL,2024-12-05 04:16:00.0170942,NULL,2024-12-05 04:13:00.0141496,2024-12-05 04:16:00.0170942
37B6EDD2-4996-6483-F4A1-3A16A737C198,1000348,gerentest,10001002,0,TNOV,ETH,,0.0000000000,0.0000000000,0.0000000000,0.0000000000,0.0000000000,0.0000000000,0.0000000000,2024-12-05 04:19:00.6327863,0.0000000000,0.0000000000,NULL,0,NULL,NULL,2024-12-05 04:19:00.0096616,NULL,2024-12-05 04:16:00.0170942,2024-12-05 04:19:00.0096616
6A4F3935-0111-49C0-9509-3A16A737C1CE,1000348,gerentest,10001002,0,BTC,BTC,2N3K3mDt73daNBvmB4Xm8HLcnZA5zeYUCCv,0.0000000000,0.0000000000,0.0000000000,0.0000000000,0.0000000000,0.0000000000,0.0000000000,2024-12-05 04:19:00.6869234,0.0000000000,0.0000000000,NULL,0,NULL,NULL,2024-12-05 04:19:00.0096616,NULL,2024-12-05 04:16:00.0170942,2024-12-05 04:19:00.0096616
2DF1753B-2B2F-D5C9-7CE2-3A16A737C1F3,1000348,gerentest,10001002,0,ETH,ETH,0x2e9e22f64ba0f37db5262ef46df56187512d7e0b,0.0710172836,0.0710172836,0.0000000000,0.0000000000,0.0000000000,0.0000000000,0.0000000000,2024-12-05 04:19:00.7240752,0.0000000000,0.0000000000,NULL,0,NULL,NULL,2024-12-05 04:19:00.0096616,NULL,2024-12-05 04:16:00.0170942,2024-12-05 04:19:00.0096616
E07325B7-CFEE-EFBA-9F26-3A16A73A866F,1000348,gerentest,10001002,0,TNOV,ETH,,0.0000000000,0.0000000000,0.0000000000,0.0000000000,0.0000000000,0.0000000000,0.0000000000,2024-12-05 04:22:02.0953207,0.0000000000,0.0000000000,NULL,0,NULL,NULL,2024-12-05 04:22:01.4301872,NULL,2024-12-05 04:19:00.0096616,2024-12-05 04:22:01.4301872
796FB357-783C-FC18-7009-3A16A73A86A5,1000348,gerentest,10001002,0,BTC,BTC,2N3K3mDt73daNBvmB4Xm8HLcnZA5zeYUCCv,0.0000000000,0.0000000000,0.0000000000,0.0000000000,0.0000000000,0.0000000000,0.0000000000,2024-12-05 04:22:02.1494552,0.0000000000,0.0000000000,NULL,0,NULL,NULL,2024-12-05 04:22:01.4301872,NULL,2024-12-05 04:19:00.0096616,2024-12-05 04:22:01.4301872
1CCF7FB1-B946-1358-F7A6-3A16A73A86B9,1000348,gerentest,10001002,0,ETH,ETH,0x2e9e22f64ba0f37db5262ef46df56187512d7e0b,0.0710172836,0.0710172836,0.0000000000,0.0000000000,0.0000000000,0.0000000000,0.0000000000,2024-12-05 04:22:02.1700838,0.0000000000,0.0000000000,NULL,0,NULL,NULL,2024-12-05 04:22:01.4301872,NULL,2024-12-05 04:19:00.0096616,2024-12-05 04:22:01.4301872
FF4FA206-3ACF-BA7D-37D7-3A16A73D401E,1000348,gerentest,10001002,0,TNOV,ETH,,0.0000000000,0.0000000000,0.0000000000,0.0000000000,0.0000000000,0.0000000000,0.0000000000,2024-12-05 04:25:00.7022835,0.0000000000,0.0000000000,NULL,0,NULL,NULL,2024-12-05 04:25:00.0251131,NULL,2024-12-05 04:22:01.4301872,2024-12-05 04:25:00.0251131
BC2C762E-4F1B-4E38-4BAF-3A16A73D404F,1000348,gerentest,10001002,0,BTC,BTC,2N3K3mDt73daNBvmB4Xm8HLcnZA5zeYUCCv,0.0000000000,0.0000000000,0.0000000000,0.0000000000,0.0000000000,0.0000000000,0.0000000000,2024-12-05 04:25:00.7515319,0.0000000000,0.0000000000,NULL,0,NULL,NULL,2024-12-05 04:25:00.0251131,NULL,2024-12-05 04:22:01.4301872,2024-12-05 04:25:00.0251131
0C32B939-D3E6-3170-9DFB-3A16A73D4080,1000348,gerentest,10001002,0,ETH,ETH,0x2e9e22f64ba0f37db5262ef46df56187512d7e0b,0.0710172836,0.0710172836,0.0000000000,0.0000000000,0.0000000000,0.0000000000,0.0000000000,2024-12-05 04:25:00.8010170,0.0000000000,0.0000000000,NULL,0,NULL,NULL,2024-12-05 04:25:00.0251131,NULL,2024-12-05 04:22:01.4301872,2024-12-05 04:25:00.0251131
E17B9D94-F02C-F204-640D-3A16A73FFEF8,1000348,gerentest,10001002,0,TNOV,ETH,,0.0000000000,0.0000000000,0.0000000000,0.0000000000,0.0000000000,0.0000000000,0.0000000000,2024-12-05 04:28:00.6327495,0.0000000000,0.0000000000,NULL,0,NULL,NULL,2024-12-05 04:28:00.0214297,NULL,2024-12-05 04:25:00.0251131,2024-12-05 04:28:00.0214297
50338885-9029-9B3C-5101-3A16A73FFF19,1000348,gerentest,10001002,0,BTC,BTC,2N3K3mDt73daNBvmB4Xm8HLcnZA5zeYUCCv,0.0000000000,0.0000000000,0.0000000000,0.0000000000,0.0000000000,0.0000000000,0.0000000000,2024-12-05 04:28:00.6655919,0.0000000000,0.0000000000,NULL,0,NULL,NULL,2024-12-05 04:28:00.0214297,NULL,2024-12-05 04:25:00.0251131,2024-12-05 04:28:00.0214297
2A621E69-8642-8602-E685-3A16A73FFF36,1000348,gerentest,10001002,0,ETH,ETH,0x2e9e22f64ba0f37db5262ef46df56187512d7e0b,0.0710172836,0.0710172836,0.0000000000,0.0000000000,0.0000000000,0.0000000000,0.0000000000,2024-12-05 04:28:00.6948314,0.0000000000,0.0000000000,NULL,0,NULL,NULL,2024-12-05 04:28:00.0214297,NULL,2024-12-05 04:25:00.0251131,2024-12-05 04:28:00.0214297
90703BA2-C09B-8F4A-58CC-3A16A742BE7C,1000348,gerentest,10001002,0,TNOV,ETH,,0.0000000000,0.0000000000,0.0000000000,0.0000000000,0.0000000000,0.0000000000,0.0000000000,2024-12-05 04:31:00.7327693,0.0000000000,0.0000000000,NULL,0,NULL,NULL,2024-12-05 04:31:00.0347056,NULL,2024-12-05 04:28:00.0214297,2024-12-05 04:31:00.0347056
BF5C1240-BCBB-0AA1-9F6C-3A16A742BE90,1000348,gerentest,10001002,0,BTC,BTC,2N3K3mDt73daNBvmB4Xm8HLcnZA5zeYUCCv,0.0000000000,0.0000000000,0.0000000000,0.0000000000,0.0000000000,0.0000000000,0.0000000000,2024-12-05 04:31:00.7527994,0.0000000000,0.0000000000,NULL,0,NULL,NULL,2024-12-05 04:31:00.0347056,NULL,2024-12-05 04:28:00.0214297,2024-12-05 04:31:00.0347056
2E8B5B27-D35E-42A7-DAC1-3A16A742BEA7,1000348,gerentest,10001002,0,ETH,ETH,0x2e9e22f64ba0f37db5262ef46df56187512d7e0b,0.0710172836,0.0710172836,0.0000000000,0.0000000000,0.0000000000,0.0000000000,0.0000000000,2024-12-05 04:31:00.7755454,0.0000000000,0.0000000000,NULL,0,NULL,NULL,2024-12-05 04:31:00.0347056,NULL,2024-12-05 04:28:00.0214297,2024-12-05 04:31:00.0347056
47CCDAFD-1004-7C53-F45A-3A16A745809C,1000348,gerentest,10001002,0,TNOV,ETH,,0.0000000000,0.0000000000,0.0000000000,0.0000000000,0.0000000000,0.0000000000,0.0000000000,2024-12-05 04:34:01.5010574,0.0000000000,0.0000000000,NULL,0,NULL,NULL,2024-12-05 04:34:00.0135335,NULL,2024-12-05 04:31:00.0347056,2024-12-05 04:34:00.0135335
5893DAEA-5B11-EA57-CD33-3A16A74580B8,1000348,gerentest,10001002,0,BTC,BTC,2N3K3mDt73daNBvmB4Xm8HLcnZA5zeYUCCv,0.0000000000,0.0000000000,0.0000000000,0.0000000000,0.0000000000,0.0000000000,0.0000000000,2024-12-05 04:34:01.5286275,0.0000000000,0.0000000000,NULL,0,NULL,NULL,2024-12-05 04:34:00.0135335,NULL,2024-12-05 04:31:00.0347056,2024-12-05 04:34:00.0135335
2C650695-78D4-E473-F03A-3A16A74580CA,1000348,gerentest,10001002,0,ETH,ETH,0x2e9e22f64ba0f37db5262ef46df56187512d7e0b,0.0710172836,0.0710172836,0.0000000000,0.0000000000,0.0000000000,0.0000000000,0.0000000000,2024-12-05 04:34:01.5464973,0.0000000000,0.0000000000,NULL,0,NULL,NULL,2024-12-05 04:34:00.0135335,NULL,2024-12-05 04:31:00.0347056,2024-12-05 04:34:00.0135335
E715BBF4-5031-0966-547A-3A16A7483C17,1000348,gerentest,10001002,0,TNOV,ETH,,0.0000000000,0.0000000000,0.0000000000,0.0000000000,0.0000000000,0.0000000000,0.0000000000,2024-12-05 04:37:00.5677601,0.0000000000,0.0000000000,NULL,0,NULL,NULL,2024-12-05 04:37:00.0095387,NULL,2024-12-05 04:34:00.0135335,2024-12-05 04:37:00.0095387
5A755A64-DC87-4BB6-3F23-3A16A7483C2B,1000348,gerentest,10001002,0,BTC,BTC,2N3K3mDt73daNBvmB4Xm8HLcnZA5zeYUCCv,0.0000000000,0.0000000000,0.0000000000,0.0000000000,0.0000000000,0.0000000000,0.0000000000,2024-12-05 04:37:00.5877709,0.0000000000,0.0000000000,NULL,0,NULL,NULL,2024-12-05 04:37:00.0095387,NULL,2024-12-05 04:34:00.0135335,2024-12-05 04:37:00.0095387
191FBBB2-E3AD-3723-3D25-3A16A7483C62,1000348,gerentest,10001002,0,ETH,ETH,0x2e9e22f64ba0f37db5262ef46df56187512d7e0b,0.0710172836,0.0710172836,0.0000000000,0.0000000000,0.0000000000,0.0000000000,0.0000000000,2024-12-05 04:37:00.6429066,0.0000000000,0.0000000000,NULL,0,NULL,NULL,2024-12-05 04:37:00.0095387,NULL,2024-12-05 04:34:00.0135335,2024-12-05 04:37:00.0095387
156A77F1-CFCF-BF3F-A513-3A16A74AFB3D,1000348,gerentest,10001002,0,TNOV,ETH,,0.0000000000,0.0000000000,0.0000000000,0.0000000000,0.0000000000,0.0000000000,0.0000000000,2024-12-05 04:40:00.5738198,0.0000000000,0.0000000000,NULL,0,NULL,NULL,2024-12-05 04:40:00.0115721,NULL,2024-12-05 04:37:00.0095387,2024-12-05 04:40:00.0115721
E3A0C3B4-3FD4-E070-C064-3A16A74AFB52,1000348,gerentest,10001002,0,BTC,BTC,2N3K3mDt73daNBvmB4Xm8HLcnZA5zeYUCCv,0.0000000000,0.0000000000,0.0000000000,0.0000000000,0.0000000000,0.0000000000,0.0000000000,2024-12-05 04:40:00.6312864,0.0000000000,0.0000000000,NULL,0,NULL,NULL,2024-12-05 04:40:00.0115721,NULL,2024-12-05 04:37:00.0095387,2024-12-05 04:40:00.0115721
41AB2DD8-6B4B-941D-655E-3A16A74AFB8A,1000348,gerentest,10001002,0,ETH,ETH,0x2e9e22f64ba0f37db5262ef46df56187512d7e0b,0.0710172836,0.0710172836,0.0000000000,0.0000000000,0.0000000000,0.0000000000,0.0000000000,2024-12-05 04:40:00.6505203,0.0000000000,0.0000000000,NULL,0,NULL,NULL,2024-12-05 04:40:00.0115721,NULL,2024-12-05 04:37:00.0095387,2024-12-05 04:40:00.0115721
96592071-3664-71E7-EC51-3A16A74DBA75,1000348,gerentest,10001002,0,TNOV,ETH,,0.0000000000,0.0000000000,0.0000000000,0.0000000000,0.0000000000,0.0000000000,0.0000000000,2024-12-05 04:43:00.5976769,0.0000000000,0.0000000000,NULL,0,NULL,NULL,2024-12-05 04:43:00.0116861,NULL,2024-12-05 04:40:00.0115721,2024-12-05 04:43:00.0116861
6969A0BC-79C1-9AAC-55C5-3A16A74DBAAE,1000348,gerentest,10001002,0,BTC,BTC,2N3K3mDt73daNBvmB4Xm8HLcnZA5zeYUCCv,0.0000000000,0.0000000000,0.0000000000,0.0000000000,0.0000000000,0.0000000000,0.0000000000,2024-12-05 04:43:00.6543724,0.0000000000,0.0000000000,NULL,0,NULL,NULL,2024-12-05 04:43:00.0116861,NULL,2024-12-05 04:40:00.0115721,2024-12-05 04:43:00.0116861
F469F7DE-E97B-3747-417E-3A16A74DBACB,1000348,gerentest,10001002,0,ETH,ETH,0x2e9e22f64ba0f37db5262ef46df56187512d7e0b,0.0710172836,0.0710172836,0.0000000000,0.0000000000,0.0000000000,0.0000000000,0.0000000000,2024-12-05 04:43:00.6835796,0.0000000000,0.0000000000,NULL,0,NULL,NULL,2024-12-05 04:43:00.0116861,NULL,2024-12-05 04:40:00.0115721,2024-12-05 04:43:00.0116861
5A0D9EBD-D683-D9D1-D12C-3A16A7507C7B,1000348,gerentest,10001002,0,TNOV,ETH,,0.0000000000,0.0000000000,0.0000000000,0.0000000000,0.0000000000,0.0000000000,0.0000000000,2024-12-05 04:46:01.3398875,0.0000000000,0.0000000000,NULL,0,NULL,NULL,2024-12-05 04:46:00.8208944,NULL,2024-12-05 04:43:00.0116861,2024-12-05 04:46:00.8208944
FAB5561F-1C99-F1FB-CDD9-3A16A7507C9A,1000348,gerentest,10001002,0,BTC,BTC,2N3K3mDt73daNBvmB4Xm8HLcnZA5zeYUCCv,0.0000000000,0.0000000000,0.0000000000,0.0000000000,0.0000000000,0.0000000000,0.0000000000,2024-12-05 04:46:01.3705790,0.0000000000,0.0000000000,NULL,0,NULL,NULL,2024-12-05 04:46:00.8208944,NULL,2024-12-05 04:43:00.0116861,2024-12-05 04:46:00.8208944
7D8884CD-B510-168F-0990-3A16A7507CAD,1000348,gerentest,10001002,0,ETH,ETH,0x2e9e22f64ba0f37db5262ef46df56187512d7e0b,0.0710172836,0.0710172836,0.0000000000,0.0000000000,0.0000000000,0.0000000000,0.0000000000,2024-12-05 04:46:01.3901469,0.0000000000,0.0000000000,NULL,0,NULL,NULL,2024-12-05 04:46:00.8208944,NULL,2024-12-05 04:43:00.0116861,2024-12-05 04:46:00.8208944
A4896C35-F5EF-2A7C-5E58-3A16A7533C13,1000348,gerentest,10001002,0,TNOV,ETH,,0.0000000000,0.0000000000,0.0000000000,0.0000000000,0.0000000000,0.0000000000,0.0000000000,2024-12-05 04:49:01.4596453,0.0000000000,0.0000000000,NULL,0,NULL,NULL,2024-12-05 04:49:00.0246431,NULL,2024-12-05 04:46:00.8208944,2024-12-05 04:49:00.0246431
D7FA7BB8-CC9A-80E3-0E63-3A16A7533C4D,1000348,gerentest,10001002,0,BTC,BTC,2N3K3mDt73daNBvmB4Xm8HLcnZA5zeYUCCv,0.0000000000,0.0000000000,0.0000000000,0.0000000000,0.0000000000,0.0000000000,0.0000000000,2024-12-05 04:49:01.5174250,0.0000000000,0.0000000000,NULL,0,NULL,NULL,2024-12-05 04:49:00.0246431,NULL,2024-12-05 04:46:00.8208944,2024-12-05 04:49:00.0246431
117B4649-D4CD-F816-5475-3A16A7533C64,1000348,gerentest,10001002,0,ETH,ETH,0x2e9e22f64ba0f37db5262ef46df56187512d7e0b,0.0710172836,0.0710172836,0.0000000000,0.0000000000,0.0000000000,0.0000000000,0.0000000000,2024-12-05 04:49:01.5405297,0.0000000000,0.0000000000,NULL,0,NULL,NULL,2024-12-05 04:49:00.0246431,NULL,2024-12-05 04:46:00.8208944,2024-12-05 04:49:00.0246431
BE4A8BA8-954F-F1FC-5494-3A16A755FB02,1000348,gerentest,10001002,0,TNOV,ETH,,0.0000000000,0.0000000000,0.0000000000,0.0000000000,0.0000000000,0.0000000000,0.0000000000,2024-12-05 04:52:01.4102620,0.0000000000,0.0000000000,NULL,0,NULL,NULL,2024-12-05 04:52:00.7958420,NULL,2024-12-05 04:49:00.0246431,2024-12-05 04:52:00.7958420
E33563C7-03DF-E8D9-9D74-3A16A755FB28,1000348,gerentest,10001002,0,BTC,BTC,2N3K3mDt73daNBvmB4Xm8HLcnZA5zeYUCCv,0.0000000000,0.0000000000,0.0000000000,0.0000000000,0.0000000000,0.0000000000,0.0000000000,2024-12-05 04:52:01.4483834,0.0000000000,0.0000000000,NULL,0,NULL,NULL,2024-12-05 04:52:00.7958420,NULL,2024-12-05 04:49:00.0246431,2024-12-05 04:52:00.7958420
D2BAD4A4-95C1-2FE2-7E78-3A16A755FB59,1000348,gerentest,10001002,0,ETH,ETH,0x2e9e22f64ba0f37db5262ef46df56187512d7e0b,0.0710172836,0.0710172836,0.0000000000,0.0000000000,0.0000000000,0.0000000000,0.0000000000,2024-12-05 04:52:01.4979765,0.0000000000,0.0000000000,NULL,0,NULL,NULL,2024-12-05 04:52:00.7958420,NULL,2024-12-05 04:49:00.0246431,2024-12-05 04:52:00.7958420
7ED9FAA8-86C7-69B1-6065-3A16A758B6E2,1000348,gerentest,10001002,0,TNOV,ETH,,0.0000000000,0.0000000000,0.0000000000,0.0000000000,0.0000000000,0.0000000000,0.0000000000,2024-12-05 04:55:00.5791042,0.0000000000,0.0000000000,NULL,0,NULL,NULL,2024-12-05 04:55:00.0167775,NULL,2024-12-05 04:52:00.7958420,2024-12-05 04:55:00.0167775
E809B899-346D-B7E0-F253-3A16A758B729,1000348,gerentest,10001002,0,BTC,BTC,2N3K3mDt73daNBvmB4Xm8HLcnZA5zeYUCCv,0.0000000000,0.0000000000,0.0000000000,0.0000000000,0.0000000000,0.0000000000,0.0000000000,2024-12-05 04:55:00.6495857,0.0000000000,0.0000000000,NULL,0,NULL,NULL,2024-12-05 04:55:00.0167775,NULL,2024-12-05 04:52:00.7958420,2024-12-05 04:55:00.0167775
8DDAE056-1D7D-1EBA-453C-3A16A758B742,1000348,gerentest,10001002,0,ETH,ETH,0x2e9e22f64ba0f37db5262ef46df56187512d7e0b,0.0710172836,0.0710172836,0.0000000000,0.0000000000,0.0000000000,0.0000000000,0.0000000000,2024-12-05 04:55:00.6748499,0.0000000000,0.0000000000,NULL,0,NULL,NULL,2024-12-05 04:55:00.0167775,NULL,2024-12-05 04:52:00.7958420,2024-12-05 04:55:00.0167775
C9E6E5A4-3A33-298E-CBFE-3A16A75B763B,1000348,gerentest,10001002,0,TNOV,ETH,,0.0000000000,0.0000000000,0.0000000000,0.0000000000,0.0000000000,0.0000000000,0.0000000000,2024-12-05 04:58:00.6353498,0.0000000000,0.0000000000,NULL,0,NULL,NULL,2024-12-05 04:58:00.0114875,NULL,2024-12-05 04:55:00.0167775,2024-12-05 04:58:00.0114875
3B8DDA55-4F7B-55D3-B4DB-3A16A75B766B,1000348,gerentest,10001002,0,BTC,BTC,2N3K3mDt73daNBvmB4Xm8HLcnZA5zeYUCCv,0.0000000000,0.0000000000,0.0000000000,0.0000000000,0.0000000000,0.0000000000,0.0000000000,2024-12-05 04:58:00.6840041,0.0000000000,0.0000000000,NULL,0,NULL,NULL,2024-12-05 04:58:00.0114875,NULL,2024-12-05 04:55:00.0167775,2024-12-05 04:58:00.0114875
60AD49F6-DEF4-E129-4AD5-3A16A75B7685,1000348,gerentest,10001002,0,ETH,ETH,0x2e9e22f64ba0f37db5262ef46df56187512d7e0b,0.0710172836,0.0710172836,0.0000000000,0.0000000000,0.0000000000,0.0000000000,0.0000000000,2024-12-05 04:58:00.7100688,0.0000000000,0.0000000000,NULL,0,NULL,NULL,2024-12-05 04:58:00.0114875,NULL,2024-12-05 04:55:00.0167775,2024-12-05 04:58:00.0114875
4E102874-8735-B267-D478-3A16A75E3533,1000348,gerentest,10001002,0,TNOV,ETH,,0.0000000000,0.0000000000,0.0000000000,0.0000000000,0.0000000000,0.0000000000,0.0000000000,2024-12-05 05:01:00.5955003,0.0000000000,0.0000000000,NULL,0,NULL,NULL,2024-12-05 05:01:00.0137286,NULL,2024-12-05 04:58:00.0114875,2024-12-05 05:01:00.0137286
5D0F8094-8458-4DA2-7FAE-3A16A75E355F,1000348,gerentest,10001002,0,BTC,BTC,2N3K3mDt73daNBvmB4Xm8HLcnZA5zeYUCCv,0.0000000000,0.0000000000,0.0000000000,0.0000000000,0.0000000000,0.0000000000,0.0000000000,2024-12-05 05:01:00.6397403,0.0000000000,0.0000000000,NULL,0,NULL,NULL,2024-12-05 05:01:00.0137286,NULL,2024-12-05 04:58:00.0114875,2024-12-05 05:01:00.0137286
76CD96D8-558D-4549-524D-3A16A75E3584,1000348,gerentest,10001002,0,ETH,ETH,0x2e9e22f64ba0f37db5262ef46df56187512d7e0b,0.0710172836,0.0710172836,0.0000000000,0.0000000000,0.0000000000,0.0000000000,0.0000000000,2024-12-05 05:01:00.6794560,0.0000000000,0.0000000000,NULL,0,NULL,NULL,2024-12-05 05:01:00.0137286,NULL,2024-12-05 04:58:00.0114875,2024-12-05 05:01:00.0137286
75CEB6D6-5CBA-F670-E969-3A16A760F677,1000348,gerentest,10001002,0,TNOV,ETH,,0.0000000000,0.0000000000,0.0000000000,0.0000000000,0.0000000000,0.0000000000,0.0000000000,2024-12-05 05:04:01.1433913,0.0000000000,0.0000000000,NULL,0,NULL,NULL,2024-12-05 05:04:00.5424125,NULL,2024-12-05 05:01:00.0137286,2024-12-05 05:04:00.5424125
D1549E43-2F53-D0F6-2DFC-3A16A760F68C,1000348,gerentest,10001002,0,BTC,BTC,2N3K3mDt73daNBvmB4Xm8HLcnZA5zeYUCCv,0.0000000000,0.0000000000,0.0000000000,0.0000000000,0.0000000000,0.0000000000,0.0000000000,2024-12-05 05:04:01.1642337,0.0000000000,0.0000000000,NULL,0,NULL,NULL,2024-12-05 05:04:00.5424125,NULL,2024-12-05 05:01:00.0137286,2024-12-05 05:04:00.5424125
A17F659D-0D8D-663A-F4D5-3A16A760F6A1,1000348,gerentest,10001002,0,ETH,ETH,0x2e9e22f64ba0f37db5262ef46df56187512d7e0b,0.0710172836,0.0710172836,0.0000000000,0.0000000000,0.0000000000,0.0000000000,0.0000000000,2024-12-05 05:04:01.1854369,0.0000000000,0.0000000000,NULL,0,NULL,NULL,2024-12-05 05:04:00.5424125,NULL,2024-12-05 05:01:00.0137286,2024-12-05 05:04:00.5424125
240EFD9D-4FA9-4B61-A8A8-3A16A763B683,1000348,gerentest,10001002,0,TNOV,ETH,,0.0000000000,0.0000000000,0.0000000000,0.0000000000,0.0000000000,0.0000000000,0.0000000000,2024-12-05 05:07:01.3792985,0.0000000000,0.0000000000,NULL,0,NULL,NULL,2024-12-05 05:07:00.8363207,NULL,2024-12-05 05:04:00.5424125,2024-12-05 05:07:00.8363207
44141D62-1C37-85A4-2266-3A16A763B694,1000348,gerentest,10001002,0,BTC,BTC,2N3K3mDt73daNBvmB4Xm8HLcnZA5zeYUCCv,0.0000000000,0.0000000000,0.0000000000,0.0000000000,0.0000000000,0.0000000000,0.0000000000,2024-12-05 05:07:01.3968974,0.0000000000,0.0000000000,NULL,0,NULL,NULL,2024-12-05 05:07:00.8363207,NULL,2024-12-05 05:04:00.5424125,2024-12-05 05:07:00.8363207
00B495CF-3A90-CF27-8077-3A16A763B6D0,1000348,gerentest,10001002,0,ETH,ETH,0x2e9e22f64ba0f37db5262ef46df56187512d7e0b,0.0710172836,0.0710172836,0.0000000000,0.0000000000,0.0000000000,0.0000000000,0.0000000000,2024-12-05 05:07:01.4568476,0.0000000000,0.0000000000,NULL,0,NULL,NULL,2024-12-05 05:07:00.8363207,NULL,2024-12-05 05:04:00.5424125,2024-12-05 05:07:00.8363207
51075D27-417A-D7DC-4A4B-3A16A766722E,1000348,gerentest,10001002,0,TNOV,ETH,,0.0000000000,0.0000000000,0.0000000000,0.0000000000,0.0000000000,0.0000000000,0.0000000000,2024-12-05 05:10:00.4947239,0.0000000000,0.0000000000,NULL,0,NULL,NULL,2024-12-05 05:10:00.0115863,NULL,2024-12-05 05:07:00.8363207,2024-12-05 05:10:00.0115863
F7426EE5-70F0-12F0-0E30-3A16A7667266,1000348,gerentest,10001002,0,BTC,BTC,2N3K3mDt73daNBvmB4Xm8HLcnZA5zeYUCCv,0.0000000000,0.0000000000,0.0000000000,0.0000000000,0.0000000000,0.0000000000,0.0000000000,2024-12-05 05:10:00.5506219,0.0000000000,0.0000000000,NULL,0,NULL,NULL,2024-12-05 05:10:00.0115863,NULL,2024-12-05 05:07:00.8363207,2024-12-05 05:10:00.0115863
0AA9ACFD-9F53-3787-66DF-3A16A766727C,1000348,gerentest,10001002,0,ETH,ETH,0x2e9e22f64ba0f37db5262ef46df56187512d7e0b,0.0710172836,0.0710172836,0.0000000000,0.0000000000,0.0000000000,0.0000000000,0.0000000000,2024-12-05 05:10:00.5725586,0.0000000000,0.0000000000,NULL,0,NULL,NULL,2024-12-05 05:10:00.0115863,NULL,2024-12-05 05:07:00.8363207,2024-12-05 05:10:00.0115863
BCF7B97B-914D-DC8C-A5BB-3A16A7693169,1000348,gerentest,10001002,0,TNOV,ETH,,0.0000000000,0.0000000000,0.0000000000,0.0000000000,0.0000000000,0.0000000000,0.0000000000,2024-12-05 05:13:00.5221193,0.0000000000,0.0000000000,NULL,0,NULL,NULL,2024-12-05 05:13:00.0090405,NULL,2024-12-05 05:10:00.0115863,2024-12-05 05:13:00.0090405
5C01788B-024A-3DCA-DD5A-3A16A7693185,1000348,gerentest,10001002,0,BTC,BTC,2N3K3mDt73daNBvmB4Xm8HLcnZA5zeYUCCv,0.0000000000,0.0000000000,0.0000000000,0.0000000000,0.0000000000,0.0000000000,0.0000000000,2024-12-05 05:13:00.5499146,0.0000000000,0.0000000000,NULL,0,NULL,NULL,2024-12-05 05:13:00.0090405,NULL,2024-12-05 05:10:00.0115863,2024-12-05 05:13:00.0090405
E22B048E-CD01-B0CB-6519-3A16A76931A4,1000348,gerentest,10001002,0,ETH,ETH,0x2e9e22f64ba0f37db5262ef46df56187512d7e0b,0.0710172836,0.0710172836,0.0000000000,0.0000000000,0.0000000000,0.0000000000,0.0000000000,2024-12-05 05:13:00.5808703,0.0000000000,0.0000000000,NULL,0,NULL,NULL,2024-12-05 05:13:00.0090405,NULL,2024-12-05 05:10:00.0115863,2024-12-05 05:13:00.0090405
C63A98B0-919C-3280-C061-3A16A76BF4C0,1000348,gerentest,10001002,0,TNOV,ETH,,0.0000000000,0.0000000000,0.0000000000,0.0000000000,0.0000000000,0.0000000000,0.0000000000,2024-12-05 05:16:01.6008975,0.0000000000,0.0000000000,NULL,0,NULL,NULL,2024-12-05 05:16:00.9906017,NULL,2024-12-05 05:13:00.0090405,2024-12-05 05:16:00.9906017
13F6D345-004D-A98A-190C-3A16A76BF4DF,1000348,gerentest,10001002,0,BTC,BTC,2N3K3mDt73daNBvmB4Xm8HLcnZA5zeYUCCv,0.0000000000,0.0000000000,0.0000000000,0.0000000000,0.0000000000,0.0000000000,0.0000000000,2024-12-05 05:16:01.6316185,0.0000000000,0.0000000000,NULL,0,NULL,NULL,2024-12-05 05:16:00.9906017,NULL,2024-12-05 05:13:00.0090405,2024-12-05 05:16:00.9906017
178AB715-A42F-40E2-4C79-3A16A76BF4FD,1000348,gerentest,10001002,0,ETH,ETH,0x2e9e22f64ba0f37db5262ef46df56187512d7e0b,0.0710172836,0.0710172836,0.0000000000,0.0000000000,0.0000000000,0.0000000000,0.0000000000,2024-12-05 05:16:01.6615831,0.0000000000,0.0000000000,NULL,0,NULL,NULL,2024-12-05 05:16:00.9906017,NULL,2024-12-05 05:13:00.0090405,2024-12-05 05:16:00.9906017
F92A8B16-2F33-C2C7-6952-3A16A76EAFB6,1000348,gerentest,10001002,0,TNOV,ETH,,0.0000000000,0.0000000000,0.0000000000,0.0000000000,0.0000000000,0.0000000000,0.0000000000,2024-12-05 05:19:00.5351146,0.0000000000,0.0000000000,NULL,0,NULL,NULL,2024-12-05 05:19:00.0127116,NULL,2024-12-05 05:16:00.9906017,2024-12-05 05:19:00.0127116
B9758E6B-279B-217F-1A57-3A16A76EAFCC,1000348,gerentest,10001002,0,BTC,BTC,2N3K3mDt73daNBvmB4Xm8HLcnZA5zeYUCCv,0.0000000000,0.0000000000,0.0000000000,0.0000000000,0.0000000000,0.0000000000,0.0000000000,2024-12-05 05:19:00.5570672,0.0000000000,0.0000000000,NULL,0,NULL,NULL,2024-12-05 05:19:00.0127116,NULL,2024-12-05 05:16:00.9906017,2024-12-05 05:19:00.0127116
F4561363-C333-637B-A1CD-3A16A76EAFE7,1000348,gerentest,10001002,0,ETH,ETH,0x2e9e22f64ba0f37db5262ef46df56187512d7e0b,0.0710172836,0.0710172836,0.0000000000,0.0000000000,0.0000000000,0.0000000000,0.0000000000,2024-12-05 05:19:00.5834545,0.0000000000,0.0000000000,NULL,0,NULL,NULL,2024-12-05 05:19:00.0127116,NULL,2024-12-05 05:16:00.9906017,2024-12-05 05:19:00.0127116
DEA8F5F0-F76E-C3A8-6678-3A16A7716F51,1000348,gerentest,10001002,0,TNOV,ETH,,0.0000000000,0.0000000000,0.0000000000,0.0000000000,0.0000000000,0.0000000000,0.0000000000,2024-12-05 05:22:00.6576551,0.0000000000,0.0000000000,NULL,0,NULL,NULL,2024-12-05 05:22:00.0126885,NULL,2024-12-05 05:19:00.0127116,2024-12-05 05:22:00.0126885
9BFC5F20-70CB-A81F-342F-3A16A7716F69,1000348,gerentest,10001002,0,BTC,BTC,2N3K3mDt73daNBvmB4Xm8HLcnZA5zeYUCCv,0.0000000000,0.0000000000,0.0000000000,0.0000000000,0.0000000000,0.0000000000,0.0000000000,2024-12-05 05:22:00.6817646,0.0000000000,0.0000000000,NULL,0,NULL,NULL,2024-12-05 05:22:00.0126885,NULL,2024-12-05 05:19:00.0127116,2024-12-05 05:22:00.0126885
628C3BD5-61C2-6121-312F-3A16A7716F9D,1000348,gerentest,10001002,0,ETH,ETH,0x2e9e22f64ba0f37db5262ef46df56187512d7e0b,0.0710172836,0.0710172836,0.0000000000,0.0000000000,0.0000000000,0.0000000000,0.0000000000,2024-12-05 05:22:00.7339800,0.0000000000,0.0000000000,NULL,0,NULL,NULL,2024-12-05 05:22:00.0126885,NULL,2024-12-05 05:19:00.0127116,2024-12-05 05:22:00.0126885
16A9EB6A-79BB-E3E2-2314-3A16A7742E19,1000348,gerentest,10001002,0,TNOV,ETH,,0.0000000000,0.0000000000,0.0000000000,0.0000000000,0.0000000000,0.0000000000,0.0000000000,2024-12-05 05:25:00.5697214,0.0000000000,0.0000000000,NULL,0,NULL,NULL,2024-12-05 05:25:00.0082897,NULL,2024-12-05 05:22:00.0126885,2024-12-05 05:25:00.0082897
2FD9DFD1-489D-FBA5-A234-3A16A7742E58,1000348,gerentest,10001002,0,BTC,BTC,2N3K3mDt73daNBvmB4Xm8HLcnZA5zeYUCCv,0.0000000000,0.0000000000,0.0000000000,0.0000000000,0.0000000000,0.0000000000,0.0000000000,2024-12-05 05:25:00.6326347,0.0000000000,0.0000000000,NULL,0,NULL,NULL,2024-12-05 05:25:00.0082897,NULL,2024-12-05 05:22:00.0126885,2024-12-05 05:25:00.0082897
B1DE250E-C3CA-026D-EDA6-3A16A7742E75,1000348,gerentest,10001002,0,ETH,ETH,0x2e9e22f64ba0f37db5262ef46df56187512d7e0b,0.0710172836,0.0710172836,0.0000000000,0.0000000000,0.0000000000,0.0000000000,0.0000000000,2024-12-05 05:25:00.6615242,0.0000000000,0.0000000000,NULL,0,NULL,NULL,2024-12-05 05:25:00.0082897,NULL,2024-12-05 05:22:00.0126885,2024-12-05 05:25:00.0082897
E3C3A40A-1137-4CB6-F6DE-3A16A776EDA3,1000348,gerentest,10001002,0,TNOV,ETH,,0.0000000000,0.0000000000,0.0000000000,0.0000000000,0.0000000000,0.0000000000,0.0000000000,2024-12-05 05:28:00.6755709,0.0000000000,0.0000000000,NULL,0,NULL,NULL,2024-12-05 05:28:00.0090655,NULL,2024-12-05 05:25:00.0082897,2024-12-05 05:28:00.0090655
0E6B1A1B-FE58-0C27-C24B-3A16A776EDC2,1000348,gerentest,10001002,0,BTC,BTC,2N3K3mDt73daNBvmB4Xm8HLcnZA5zeYUCCv,0.0000000000,0.0000000000,0.0000000000,0.0000000000,0.0000000000,0.0000000000,0.0000000000,2024-12-05 05:28:00.7069415,0.0000000000,0.0000000000,NULL,0,NULL,NULL,2024-12-05 05:28:00.0090655,NULL,2024-12-05 05:25:00.0082897,2024-12-05 05:28:00.0090655
6CDEC0A0-8ECE-1E39-7FE2-3A16A776EDFA,1000348,gerentest,10001002,0,ETH,ETH,0x2e9e22f64ba0f37db5262ef46df56187512d7e0b,0.0710172836,0.0710172836,0.0000000000,0.0000000000,0.0000000000,0.0000000000,0.0000000000,2024-12-05 05:28:00.7624127,0.0000000000,0.0000000000,NULL,0,NULL,NULL,2024-12-05 05:28:00.0090655,NULL,2024-12-05 05:25:00.0082897,2024-12-05 05:28:00.0090655
1C2ACB7D-243F-F541-1122-3A16A779AFA3,1000348,gerentest,10001002,0,TNOV,ETH,,0.0000000000,0.0000000000,0.0000000000,0.0000000000,0.0000000000,0.0000000000,0.0000000000,2024-12-05 05:31:01.4117504,0.0000000000,0.0000000000,NULL,0,NULL,NULL,2024-12-05 05:31:00.8194510,NULL,2024-12-05 05:28:00.0090655,2024-12-05 05:31:00.8194510
3BA429DA-0B0B-F337-1590-3A16A779AFCF,1000348,gerentest,10001002,0,BTC,BTC,2N3K3mDt73daNBvmB4Xm8HLcnZA5zeYUCCv,0.0000000000,0.0000000000,0.0000000000,0.0000000000,0.0000000000,0.0000000000,0.0000000000,2024-12-05 05:31:01.4555043,0.0000000000,0.0000000000,NULL,0,NULL,NULL,2024-12-05 05:31:00.8194510,NULL,2024-12-05 05:28:00.0090655,2024-12-05 05:31:00.8194510
22AF108E-15BF-E0D2-0373-3A16A779AFFB,1000348,gerentest,10001002,0,ETH,ETH,0x2e9e22f64ba0f37db5262ef46df56187512d7e0b,0.0710172836,0.0710172836,0.0000000000,0.0000000000,0.0000000000,0.0000000000,0.0000000000,2024-12-05 05:31:01.4993966,0.0000000000,0.0000000000,NULL,0,NULL,NULL,2024-12-05 05:31:00.8194510,NULL,2024-12-05 05:28:00.0090655,2024-12-05 05:31:00.8194510
EB8D3664-BD62-7C6F-0363-3A16A77C6ED3,1000348,gerentest,10001002,0,TNOV,ETH,,0.0000000000,0.0000000000,0.0000000000,0.0000000000,0.0000000000,0.0000000000,0.0000000000,2024-12-05 05:34:01.4279746,0.0000000000,0.0000000000,NULL,0,NULL,NULL,2024-12-05 05:34:00.0140678,NULL,2024-12-05 05:31:00.8194510,2024-12-05 05:34:00.0140678
39F1EC18-E935-A790-27AC-3A16A77C6EFA,1000348,gerentest,10001002,0,BTC,BTC,2N3K3mDt73daNBvmB4Xm8HLcnZA5zeYUCCv,0.0000000000,0.0000000000,0.0000000000,0.0000000000,0.0000000000,0.0000000000,0.0000000000,2024-12-05 05:34:01.4666197,0.0000000000,0.0000000000,NULL,0,NULL,NULL,2024-12-05 05:34:00.0140678,NULL,2024-12-05 05:31:00.8194510,2024-12-05 05:34:00.0140678
56A0B0BE-984D-5B6A-088F-3A16A77C6F14,1000348,gerentest,10001002,0,ETH,ETH,0x2e9e22f64ba0f37db5262ef46df56187512d7e0b,0.0710172836,0.0710172836,0.0000000000,0.0000000000,0.0000000000,0.0000000000,0.0000000000,2024-12-05 05:34:01.4925920,0.0000000000,0.0000000000,NULL,0,NULL,NULL,2024-12-05 05:34:00.0140678,NULL,2024-12-05 05:31:00.8194510,2024-12-05 05:34:00.0140678
9A617AF4-FCEF-BD46-C0AE-3A16A77F2D70,1000348,gerentest,10001002,0,TNOV,ETH,,0.0000000000,0.0000000000,0.0000000000,0.0000000000,0.0000000000,0.0000000000,0.0000000000,2024-12-05 05:37:01.2968508,0.0000000000,0.0000000000,NULL,0,NULL,NULL,2024-12-05 05:37:00.0077878,NULL,2024-12-05 05:34:00.0140678,2024-12-05 05:37:00.0077878
599B5B32-F320-4726-330C-3A16A77F2DA5,1000348,gerentest,10001002,0,BTC,BTC,2N3K3mDt73daNBvmB4Xm8HLcnZA5zeYUCCv,0.0000000000,0.0000000000,0.0000000000,0.0000000000,0.0000000000,0.0000000000,0.0000000000,2024-12-05 05:37:01.3493979,0.0000000000,0.0000000000,NULL,0,NULL,NULL,2024-12-05 05:37:00.0077878,NULL,2024-12-05 05:34:00.0140678,2024-12-05 05:37:00.0077878
203F700B-1DD8-A70A-58FF-3A16A77F2DBC,1000348,gerentest,10001002,0,ETH,ETH,0x2e9e22f64ba0f37db5262ef46df56187512d7e0b,0.0710172836,0.0710172836,0.0000000000,0.0000000000,0.0000000000,0.0000000000,0.0000000000,2024-12-05 05:37:01.3731773,0.0000000000,0.0000000000,NULL,0,NULL,NULL,2024-12-05 05:37:00.0077878,NULL,2024-12-05 05:34:00.0140678,2024-12-05 05:37:00.0077878
C1A47C93-8351-20B9-D10F-3A16A781ED29,1000348,gerentest,10001002,0,TNOV,ETH,,0.0000000000,0.0000000000,0.0000000000,0.0000000000,0.0000000000,0.0000000000,0.0000000000,2024-12-05 05:40:01.4493908,0.0000000000,0.0000000000,NULL,0,NULL,NULL,2024-12-05 05:40:00.0314907,NULL,2024-12-05 05:37:00.0077878,2024-12-05 05:40:00.0314907
B8E1501E-3847-72DF-18C6-3A16A781ED6F,1000348,gerentest,10001002,0,BTC,BTC,2N3K3mDt73daNBvmB4Xm8HLcnZA5zeYUCCv,0.0000000000,0.0000000000,0.0000000000,0.0000000000,0.0000000000,0.0000000000,0.0000000000,2024-12-05 05:40:01.5192831,0.0000000000,0.0000000000,NULL,0,NULL,NULL,2024-12-05 05:40:00.0314907,NULL,2024-12-05 05:37:00.0077878,2024-12-05 05:40:00.0314907
6FD1A37F-E7C5-753B-7199-3A16A781ED7F,1000348,gerentest,10001002,0,ETH,ETH,0x2e9e22f64ba0f37db5262ef46df56187512d7e0b,0.0710172836,0.0710172836,0.0000000000,0.0000000000,0.0000000000,0.0000000000,0.0000000000,2024-12-05 05:40:01.5358289,0.0000000000,0.0000000000,NULL,0,NULL,NULL,2024-12-05 05:40:00.0314907,NULL,2024-12-05 05:37:00.0077878,2024-12-05 05:40:00.0314907
5E48266C-954F-A48F-15E7-3A16A784ABA5,1000348,gerentest,10001002,0,TNOV,ETH,,0.0000000000,0.0000000000,0.0000000000,0.0000000000,0.0000000000,0.0000000000,0.0000000000,2024-12-05 05:43:01.2854538,0.0000000000,0.0000000000,NULL,0,NULL,NULL,2024-12-05 05:43:00.7910299,NULL,2024-12-05 05:40:00.0314907,2024-12-05 05:43:00.7910299
438D44A5-7C3C-5114-A3DC-3A16A784ABDB,1000348,gerentest,10001002,0,BTC,BTC,2N3K3mDt73daNBvmB4Xm8HLcnZA5zeYUCCv,0.0000000000,0.0000000000,0.0000000000,0.0000000000,0.0000000000,0.0000000000,0.0000000000,2024-12-05 05:43:01.3393523,0.0000000000,0.0000000000,NULL,0,NULL,NULL,2024-12-05 05:43:00.7910299,NULL,2024-12-05 05:40:00.0314907,2024-12-05 05:43:00.7910299
25DD6C32-C74D-B4CB-E5FE-3A16A784ABF3,1000348,gerentest,10001002,0,ETH,ETH,0x2e9e22f64ba0f37db5262ef46df56187512d7e0b,0.0710172836,0.0710172836,0.0000000000,0.0000000000,0.0000000000,0.0000000000,0.0000000000,2024-12-05 05:43:01.3633751,0.0000000000,0.0000000000,NULL,0,NULL,NULL,2024-12-05 05:43:00.7910299,NULL,2024-12-05 05:40:00.0314907,2024-12-05 05:43:00.7910299
A2F22285-C471-D192-8B0A-3A16A78768AC,1000348,gerentest,10001002,0,TNOV,ETH,,0.0000000000,0.0000000000,0.0000000000,0.0000000000,0.0000000000,0.0000000000,0.0000000000,2024-12-05 05:46:00.7484128,0.0000000000,0.0000000000,NULL,0,NULL,NULL,2024-12-05 05:46:00.0087842,NULL,2024-12-05 05:43:00.7910299,2024-12-05 05:46:00.0087842
4AFE24E3-132B-19C4-E758-3A16A78768D2,1000348,gerentest,10001002,0,BTC,BTC,2N3K3mDt73daNBvmB4Xm8HLcnZA5zeYUCCv,0.0000000000,0.0000000000,0.0000000000,0.0000000000,0.0000000000,0.0000000000,0.0000000000,2024-12-05 05:46:00.7882450,0.0000000000,0.0000000000,NULL,0,NULL,NULL,2024-12-05 05:46:00.0087842,NULL,2024-12-05 05:43:00.7910299,2024-12-05 05:46:00.0087842
2138203F-19EF-1DAB-EC2F-3A16A787690D,1000348,gerentest,10001002,0,ETH,ETH,0x2e9e22f64ba0f37db5262ef46df56187512d7e0b,0.0710172836,0.0710172836,0.0000000000,0.0000000000,0.0000000000,0.0000000000,0.0000000000,2024-12-05 05:46:00.8461193,0.0000000000,0.0000000000,NULL,0,NULL,NULL,2024-12-05 05:46:00.0087842,NULL,2024-12-05 05:43:00.7910299,2024-12-05 05:46:00.0087842
4C9E2DDD-774A-D020-2C4C-3A16A78A2731,1000348,gerentest,10001002,0,TNOV,ETH,,0.0000000000,0.0000000000,0.0000000000,0.0000000000,0.0000000000,0.0000000000,0.0000000000,2024-12-05 05:49:00.5941122,0.0000000000,0.0000000000,NULL,0,NULL,NULL,2024-12-05 05:49:00.0177762,NULL,2024-12-05 05:46:00.0087842,2024-12-05 05:49:00.0177762
02288BB5-A425-1427-2D2B-3A16A78A2753,1000348,gerentest,10001002,0,BTC,BTC,2N3K3mDt73daNBvmB4Xm8HLcnZA5zeYUCCv,0.0000000000,0.0000000000,0.0000000000,0.0000000000,0.0000000000,0.0000000000,0.0000000000,2024-12-05 05:49:00.6274405,0.0000000000,0.0000000000,NULL,0,NULL,NULL,2024-12-05 05:49:00.0177762,NULL,2024-12-05 05:46:00.0087842,2024-12-05 05:49:00.0177762
262A008D-F234-1E4D-2EBC-3A16A78A2775,1000348,gerentest,10001002,0,ETH,ETH,0x2e9e22f64ba0f37db5262ef46df56187512d7e0b,0.0710172836,0.0710172836,0.0000000000,0.0000000000,0.0000000000,0.0000000000,0.0000000000,2024-12-05 05:49:00.6619241,0.0000000000,0.0000000000,NULL,0,NULL,NULL,2024-12-05 05:49:00.0177762,NULL,2024-12-05 05:46:00.0087842,2024-12-05 05:49:00.0177762
DBAB9127-D1E1-D4B6-9C44-3A16A78CE9CA,1000348,gerentest,10001002,0,TNOV,ETH,,0.0000000000,0.0000000000,0.0000000000,0.0000000000,0.0000000000,0.0000000000,0.0000000000,2024-12-05 05:52:01.4827052,0.0000000000,0.0000000000,NULL,0,NULL,NULL,2024-12-05 05:52:00.8191613,NULL,2024-12-05 05:49:00.0177762,2024-12-05 05:52:00.8191613
3ED27161-7536-05BE-9ECB-3A16A78CE9DD,1000348,gerentest,10001002,0,BTC,BTC,2N3K3mDt73daNBvmB4Xm8HLcnZA5zeYUCCv,0.0000000000,0.0000000000,0.0000000000,0.0000000000,0.0000000000,0.0000000000,0.0000000000,2024-12-05 05:52:01.5014521,0.0000000000,0.0000000000,NULL,0,NULL,NULL,2024-12-05 05:52:00.8191613,NULL,2024-12-05 05:49:00.0177762,2024-12-05 05:52:00.8191613
7EFFE50A-7B47-0548-7063-3A16A78CEA20,1000348,gerentest,10001002,0,ETH,ETH,0x2e9e22f64ba0f37db5262ef46df56187512d7e0b,0.0710172836,0.0710172836,0.0000000000,0.0000000000,0.0000000000,0.0000000000,0.0000000000,2024-12-05 05:52:01.5682342,0.0000000000,0.0000000000,NULL,0,NULL,NULL,2024-12-05 05:52:00.8191613,NULL,2024-12-05 05:49:00.0177762,2024-12-05 05:52:00.8191613
82E36D79-1CAC-DC71-95BF-3A16A78FA8A3,1000348,gerentest,10001002,0,TNOV,ETH,,0.0000000000,0.0000000000,0.0000000000,0.0000000000,0.0000000000,0.0000000000,0.0000000000,2024-12-05 05:55:01.4111501,0.0000000000,0.0000000000,NULL,0,NULL,NULL,2024-12-05 05:55:00.0193727,NULL,2024-12-05 05:52:00.8191613,2024-12-05 05:55:00.0193727
61E9EE34-02DB-A587-BC4B-3A16A78FA8D9,1000348,gerentest,10001002,0,BTC,BTC,2N3K3mDt73daNBvmB4Xm8HLcnZA5zeYUCCv,0.0000000000,0.0000000000,0.0000000000,0.0000000000,0.0000000000,0.0000000000,0.0000000000,2024-12-05 05:55:01.4652908,0.0000000000,0.0000000000,NULL,0,NULL,NULL,2024-12-05 05:55:00.0193727,NULL,2024-12-05 05:52:00.8191613,2024-12-05 05:55:00.0193727
85602FB6-97CB-A80A-67B3-3A16A78FA8F4,1000348,gerentest,10001002,0,ETH,ETH,0x2e9e22f64ba0f37db5262ef46df56187512d7e0b,0.0710172836,0.0710172836,0.0000000000,0.0000000000,0.0000000000,0.0000000000,0.0000000000,2024-12-05 05:55:01.4922668,0.0000000000,0.0000000000,NULL,0,NULL,NULL,2024-12-05 05:55:00.0193727,NULL,2024-12-05 05:52:00.8191613,2024-12-05 05:55:00.0193727
F251E91B-A736-CDFB-6843-3A16A792645C,1000348,gerentest,10001002,0,TNOV,ETH,,0.0000000000,0.0000000000,0.0000000000,0.0000000000,0.0000000000,0.0000000000,0.0000000000,2024-12-05 05:58:00.5407784,0.0000000000,0.0000000000,NULL,0,NULL,NULL,2024-12-05 05:58:00.0227454,NULL,2024-12-05 05:55:00.0193727,2024-12-05 05:58:00.0227454
6F22641A-E517-5397-5361-3A16A792646D,1000348,gerentest,10001002,0,BTC,BTC,2N3K3mDt73daNBvmB4Xm8HLcnZA5zeYUCCv,0.0000000000,0.0000000000,0.0000000000,0.0000000000,0.0000000000,0.0000000000,0.0000000000,2024-12-05 05:58:00.5579423,0.0000000000,0.0000000000,NULL,0,NULL,NULL,2024-12-05 05:58:00.0227454,NULL,2024-12-05 05:55:00.0193727,2024-12-05 05:58:00.0227454
CC520A2E-4A69-F95C-56C2-3A16A7926493,1000348,gerentest,10001002,0,ETH,ETH,0x2e9e22f64ba0f37db5262ef46df56187512d7e0b,0.0710172836,0.0710172836,0.0000000000,0.0000000000,0.0000000000,0.0000000000,0.0000000000,2024-12-05 05:58:00.5952275,0.0000000000,0.0000000000,NULL,0,NULL,NULL,2024-12-05 05:58:00.0227454,NULL,2024-12-05 05:55:00.0193727,2024-12-05 05:58:00.0227454
5BFA1E3C-9BC3-E899-25BB-3A16A7952772,1000348,gerentest,10001002,0,TNOV,ETH,,0.0000000000,0.0000000000,0.0000000000,0.0000000000,0.0000000000,0.0000000000,0.0000000000,2024-12-05 06:01:01.5549969,0.0000000000,0.0000000000,NULL,0,NULL,NULL,2024-12-05 06:01:00.9142805,NULL,2024-12-05 05:58:00.0227454,2024-12-05 06:01:00.9142805
621303B7-FDEC-0088-A834-3A16A79527AB,1000348,gerentest,10001002,0,BTC,BTC,2N3K3mDt73daNBvmB4Xm8HLcnZA5zeYUCCv,0.0000000000,0.0000000000,0.0000000000,0.0000000000,0.0000000000,0.0000000000,0.0000000000,2024-12-05 06:01:01.6115289,0.0000000000,0.0000000000,NULL,0,NULL,NULL,2024-12-05 06:01:00.9142805,NULL,2024-12-05 05:58:00.0227454,2024-12-05 06:01:00.9142805
9F8C5180-3C7D-1AC0-1194-3A16A79527C7,1000348,gerentest,10001002,0,ETH,ETH,0x2e9e22f64ba0f37db5262ef46df56187512d7e0b,0.0710172836,0.0710172836,0.0000000000,0.0000000000,0.0000000000,0.0000000000,0.0000000000,2024-12-05 06:01:01.6399043,0.0000000000,0.0000000000,NULL,0,NULL,NULL,2024-12-05 06:01:00.9142805,NULL,2024-12-05 05:58:00.0227454,2024-12-05 06:01:00.9142805
0DFAE07C-18F4-DC9B-6222-3A16A797E2C3,1000348,gerentest,10001002,0,TNOV,ETH,,0.0000000000,0.0000000000,0.0000000000,0.0000000000,0.0000000000,0.0000000000,0.0000000000,2024-12-05 06:04:00.5794045,0.0000000000,0.0000000000,NULL,0,NULL,NULL,2024-12-05 06:04:00.0226751,NULL,2024-12-05 06:01:00.9142805,2024-12-05 06:04:00.0226751
2291B732-6314-9BDE-C9DB-3A16A797E2D7,1000348,gerentest,10001002,0,BTC,BTC,2N3K3mDt73daNBvmB4Xm8HLcnZA5zeYUCCv,0.0000000000,0.0000000000,0.0000000000,0.0000000000,0.0000000000,0.0000000000,0.0000000000,2024-12-05 06:04:00.5999023,0.0000000000,0.0000000000,NULL,0,NULL,NULL,2024-12-05 06:04:00.0226751,NULL,2024-12-05 06:01:00.9142805,2024-12-05 06:04:00.0226751
F829BAE1-382B-F14F-DE54-3A16A797E30C,1000348,gerentest,10001002,0,ETH,ETH,0x2e9e22f64ba0f37db5262ef46df56187512d7e0b,0.0710172836,0.0710172836,0.0000000000,0.0000000000,0.0000000000,0.0000000000,0.0000000000,2024-12-05 06:04:00.6525775,0.0000000000,0.0000000000,NULL,0,NULL,NULL,2024-12-05 06:04:00.0226751,NULL,2024-12-05 06:01:00.9142805,2024-12-05 06:04:00.0226751
B5CF0CFA-DF0D-73BB-035D-3A16A79AA582,1000348,gerentest,10001002,0,TNOV,ETH,,0.0000000000,0.0000000000,0.0000000000,0.0000000000,0.0000000000,0.0000000000,0.0000000000,2024-12-05 06:07:01.5065265,0.0000000000,0.0000000000,NULL,0,NULL,NULL,2024-12-05 06:07:00.8792009,NULL,2024-12-05 06:04:00.0226751,2024-12-05 06:07:00.8792009
57E37BB7-08A8-9687-AA1B-3A16A79AA597,1000348,gerentest,10001002,0,BTC,BTC,2N3K3mDt73daNBvmB4Xm8HLcnZA5zeYUCCv,0.0000000000,0.0000000000,0.0000000000,0.0000000000,0.0000000000,0.0000000000,0.0000000000,2024-12-05 06:07:01.5279313,0.0000000000,0.0000000000,NULL,0,NULL,NULL,2024-12-05 06:07:00.8792009,NULL,2024-12-05 06:04:00.0226751,2024-12-05 06:07:00.8792009
F5231CBE-50A2-B0DB-8769-3A16A79AA5B3,1000348,gerentest,10001002,0,ETH,ETH,0x2e9e22f64ba0f37db5262ef46df56187512d7e0b,0.0710172836,0.0710172836,0.0000000000,0.0000000000,0.0000000000,0.0000000000,0.0000000000,2024-12-05 06:07:01.5553861,0.0000000000,0.0000000000,NULL,0,NULL,NULL,2024-12-05 06:07:00.8792009,NULL,2024-12-05 06:04:00.0226751,2024-12-05 06:07:00.8792009
51DF47EE-5FC8-6C8A-2235-3A16A79D60AC,1000348,gerentest,10001002,0,TNOV,ETH,,0.0000000000,0.0000000000,0.0000000000,0.0000000000,0.0000000000,0.0000000000,0.0000000000,2024-12-05 06:10:00.4921631,0.0000000000,0.0000000000,NULL,0,NULL,NULL,2024-12-05 06:10:00.0192196,NULL,2024-12-05 06:07:00.8792009,2024-12-05 06:10:00.0192196
48A3D6D4-7EA1-7BA8-8AC4-3A16A79D60E1,1000348,gerentest,10001002,0,BTC,BTC,2N3K3mDt73daNBvmB4Xm8HLcnZA5zeYUCCv,0.0000000000,0.0000000000,0.0000000000,0.0000000000,0.0000000000,0.0000000000,0.0000000000,2024-12-05 06:10:00.5458106,0.0000000000,0.0000000000,NULL,0,NULL,NULL,2024-12-05 06:10:00.0192196,NULL,2024-12-05 06:07:00.8792009,2024-12-05 06:10:00.0192196
E097B71C-C56D-E42B-23E1-3A16A79D60F3,1000348,gerentest,10001002,0,ETH,ETH,0x2e9e22f64ba0f37db5262ef46df56187512d7e0b,0.0710172836,0.0710172836,0.0000000000,0.0000000000,0.0000000000,0.0000000000,0.0000000000,2024-12-05 06:10:00.5640944,0.0000000000,0.0000000000,NULL,0,NULL,NULL,2024-12-05 06:10:00.0192196,NULL,2024-12-05 06:07:00.8792009,2024-12-05 06:10:00.0192196
38C7539F-5353-9F61-2698-3A16A7A0201C,1000348,gerentest,10001002,0,TNOV,ETH,,0.0000000000,0.0000000000,0.0000000000,0.0000000000,0.0000000000,0.0000000000,0.0000000000,2024-12-05 06:13:00.5721527,0.0000000000,0.0000000000,NULL,0,NULL,NULL,2024-12-05 06:13:00.0790953,NULL,2024-12-05 06:10:00.0192196,2024-12-05 06:13:00.0790953
50BA762E-6E82-BF68-26E5-3A16A7A02034,1000348,gerentest,10001002,0,BTC,BTC,2N3K3mDt73daNBvmB4Xm8HLcnZA5zeYUCCv,0.0000000000,0.0000000000,0.0000000000,0.0000000000,0.0000000000,0.0000000000,0.0000000000,2024-12-05 06:13:00.5964518,0.0000000000,0.0000000000,NULL,0,NULL,NULL,2024-12-05 06:13:00.0790953,NULL,2024-12-05 06:10:00.0192196,2024-12-05 06:13:00.0790953
53552432-48CC-F0DF-8D3C-3A16A7A02069,1000348,gerentest,10001002,0,ETH,ETH,0x2e9e22f64ba0f37db5262ef46df56187512d7e0b,0.0710172836,0.0710172836,0.0000000000,0.0000000000,0.0000000000,0.0000000000,0.0000000000,2024-12-05 06:13:00.6495578,0.0000000000,0.0000000000,NULL,0,NULL,NULL,2024-12-05 06:13:00.0790953,NULL,2024-12-05 06:10:00.0192196,2024-12-05 06:13:00.0790953
FF3E26F9-B155-089B-F43B-3A16A7A2E517,1000348,gerentest,10001002,0,TNOV,ETH,,0.0000000000,0.0000000000,0.0000000000,0.0000000000,0.0000000000,0.0000000000,0.0000000000,2024-12-05 06:16:02.0714059,0.0000000000,0.0000000000,NULL,0,NULL,NULL,2024-12-05 06:16:00.0123267,NULL,2024-12-05 06:13:00.0790953,2024-12-05 06:16:00.0123267
C6229E16-5D91-B02F-DE56-3A16A7A2E52D,1000348,gerentest,10001002,0,BTC,BTC,2N3K3mDt73daNBvmB4Xm8HLcnZA5zeYUCCv,0.0000000000,0.0000000000,0.0000000000,0.0000000000,0.0000000000,0.0000000000,0.0000000000,2024-12-05 06:16:02.0935147,0.0000000000,0.0000000000,NULL,0,NULL,NULL,2024-12-05 06:16:00.0123267,NULL,2024-12-05 06:13:00.0790953,2024-12-05 06:16:00.0123267
DF59A03B-2B99-B8BA-BE7A-3A16A7A2E563,1000348,gerentest,10001002,0,ETH,ETH,0x2e9e22f64ba0f37db5262ef46df56187512d7e0b,0.0710172836,0.0710172836,0.0000000000,0.0000000000,0.0000000000,0.0000000000,0.0000000000,2024-12-05 06:16:02.1480884,0.0000000000,0.0000000000,NULL,0,NULL,NULL,2024-12-05 06:16:00.0123267,NULL,2024-12-05 06:13:00.0790953,2024-12-05 06:16:00.0123267
36E043EE-57AA-D3C1-DC24-3A16A7A59EB9,1000348,gerentest,10001002,0,TNOV,ETH,,0.0000000000,0.0000000000,0.0000000000,0.0000000000,0.0000000000,0.0000000000,0.0000000000,2024-12-05 06:19:00.6654100,0.0000000000,0.0000000000,NULL,0,NULL,NULL,2024-12-05 06:19:00.0250164,NULL,2024-12-05 06:16:00.0123267,2024-12-05 06:19:00.0250164
2CA9C1E2-48FD-CB21-559E-3A16A7A59ED3,1000348,gerentest,10001002,0,BTC,BTC,2N3K3mDt73daNBvmB4Xm8HLcnZA5zeYUCCv,0.0000000000,0.0000000000,0.0000000000,0.0000000000,0.0000000000,0.0000000000,0.0000000000,2024-12-05 06:19:00.6916346,0.0000000000,0.0000000000,NULL,0,NULL,NULL,2024-12-05 06:19:00.0250164,NULL,2024-12-05 06:16:00.0123267,2024-12-05 06:19:00.0250164
6B8CE177-555F-D780-9AF4-3A16A7A59F15,1000348,gerentest,10001002,0,ETH,ETH,0x2e9e22f64ba0f37db5262ef46df56187512d7e0b,0.0710172836,0.0710172836,0.0000000000,0.0000000000,0.0000000000,0.0000000000,0.0000000000,2024-12-05 06:19:00.7577922,0.0000000000,0.0000000000,NULL,0,NULL,NULL,2024-12-05 06:19:00.0250164,NULL,2024-12-05 06:16:00.0123267,2024-12-05 06:19:00.0250164
CC2E327E-AB23-3295-596C-3A16A7A85D62,1000348,gerentest,10001002,0,TNOV,ETH,,0.0000000000,0.0000000000,0.0000000000,0.0000000000,0.0000000000,0.0000000000,0.0000000000,2024-12-05 06:22:00.5471004,0.0000000000,0.0000000000,NULL,0,NULL,NULL,2024-12-05 06:22:00.0116101,NULL,2024-12-05 06:19:00.0250164,2024-12-05 06:22:00.0116101
2F36F07B-88F9-B943-597A-3A16A7A85D98,1000348,gerentest,10001002,0,BTC,BTC,2N3K3mDt73daNBvmB4Xm8HLcnZA5zeYUCCv,0.0000000000,0.0000000000,0.0000000000,0.0000000000,0.0000000000,0.0000000000,0.0000000000,2024-12-05 06:22:00.6010544,0.0000000000,0.0000000000,NULL,0,NULL,NULL,2024-12-05 06:22:00.0116101,NULL,2024-12-05 06:19:00.0250164,2024-12-05 06:22:00.0116101
F27D0A94-55D9-0AFE-4DFA-3A16A7A85DAB,1000348,gerentest,10001002,0,ETH,ETH,0x2e9e22f64ba0f37db5262ef46df56187512d7e0b,0.0710172836,0.0710172836,0.0000000000,0.0000000000,0.0000000000,0.0000000000,0.0000000000,2024-12-05 06:22:00.6193491,0.0000000000,0.0000000000,NULL,0,NULL,NULL,2024-12-05 06:22:00.0116101,NULL,2024-12-05 06:19:00.0250164,2024-12-05 06:22:00.0116101
03FB76F1-50E9-FA7F-3AD7-3A16A7AB1DAF,1000348,gerentest,10001002,0,TNOV,ETH,,0.0000000000,0.0000000000,0.0000000000,0.0000000000,0.0000000000,0.0000000000,0.0000000000,2024-12-05 06:25:00.8472073,0.0000000000,0.0000000000,NULL,0,NULL,NULL,2024-12-05 06:25:00.0197736,NULL,2024-12-05 06:22:00.0116101,2024-12-05 06:25:00.0197736
85C6F7E3-B3E3-782C-992B-3A16A7AB1DC1,1000348,gerentest,10001002,0,BTC,BTC,2N3K3mDt73daNBvmB4Xm8HLcnZA5zeYUCCv,0.0000000000,0.0000000000,0.0000000000,0.0000000000,0.0000000000,0.0000000000,0.0000000000,2024-12-05 06:25:00.8658827,0.0000000000,0.0000000000,NULL,0,NULL,NULL,2024-12-05 06:25:00.0197736,NULL,2024-12-05 06:22:00.0116101,2024-12-05 06:25:00.0197736
DB32A9D1-D3B7-00EB-0072-3A16A7AB1DD5,1000348,gerentest,10001002,0,ETH,ETH,0x2e9e22f64ba0f37db5262ef46df56187512d7e0b,0.0710172836,0.0710172836,0.0000000000,0.0000000000,0.0000000000,0.0000000000,0.0000000000,2024-12-05 06:25:00.8852205,0.0000000000,0.0000000000,NULL,0,NULL,NULL,2024-12-05 06:25:00.0197736,NULL,2024-12-05 06:22:00.0116101,2024-12-05 06:25:00.0197736
39D2DB45-AC15-049D-7AA3-3A16A7ADDDB1,1000348,gerentest,10001002,0,TNOV,ETH,,0.0000000000,0.0000000000,0.0000000000,0.0000000000,0.0000000000,0.0000000000,0.0000000000,2024-12-05 06:28:01.0737302,0.0000000000,0.0000000000,NULL,0,NULL,NULL,2024-12-05 06:28:00.5179951,NULL,2024-12-05 06:25:00.0197736,2024-12-05 06:28:00.5179951
95A26FAA-4776-9D6B-7E90-3A16A7ADDDEF,1000348,gerentest,10001002,0,BTC,BTC,2N3K3mDt73daNBvmB4Xm8HLcnZA5zeYUCCv,0.0000000000,0.0000000000,0.0000000000,0.0000000000,0.0000000000,0.0000000000,0.0000000000,2024-12-05 06:28:01.1362098,0.0000000000,0.0000000000,NULL,0,NULL,NULL,2024-12-05 06:28:00.5179951,NULL,2024-12-05 06:25:00.0197736,2024-12-05 06:28:00.5179951
505EF36B-7544-8F52-FEB1-3A16A7ADDE02,1000348,gerentest,10001002,0,ETH,ETH,0x2e9e22f64ba0f37db5262ef46df56187512d7e0b,0.0710172836,0.0710172836,0.0000000000,0.0000000000,0.0000000000,0.0000000000,0.0000000000,2024-12-05 06:28:01.1542247,0.0000000000,0.0000000000,NULL,0,NULL,NULL,2024-12-05 06:28:00.5179951,NULL,2024-12-05 06:25:00.0197736,2024-12-05 06:28:00.5179951
F97D8DC5-1C49-AB44-6128-3A16A7B9C4D1,1000348,gerentest,10001002,0,TNOV,ETH,,0.0000000000,0.0000000000,0.0000000000,0.0000000000,0.0000000000,0.0000000000,0.0000000000,2024-12-05 06:41:01.1375567,0.0000000000,0.0000000000,NULL,0,NULL,NULL,2024-12-05 06:41:00.0265392,NULL,2024-12-05 06:28:00.5179951,2024-12-05 06:41:00.0265392
DEAE7164-A916-6259-52FC-3A16A7B9C8CE,1000348,gerentest,10001002,0,BTC,BTC,2N3K3mDt73daNBvmB4Xm8HLcnZA5zeYUCCv,0.0000000000,0.0000000000,0.0000000000,0.0000000000,0.0000000000,0.0000000000,0.0000000000,2024-12-05 06:41:02.1590877,0.0000000000,0.0000000000,NULL,0,NULL,NULL,2024-12-05 06:41:00.0265392,NULL,2024-12-05 06:28:00.5179951,2024-12-05 06:41:00.0265392
C82ECD79-6EEB-D093-8C8C-3A16A7B9C93B,1000348,gerentest,10001002,0,ETH,ETH,0x2e9e22f64ba0f37db5262ef46df56187512d7e0b,0.0710172836,0.0710172836,0.0000000000,0.0000000000,0.0000000000,0.0000000000,0.0000000000,2024-12-05 06:41:02.2680247,0.0000000000,0.0000000000,NULL,0,NULL,NULL,2024-12-05 06:41:00.0265392,NULL,2024-12-05 06:28:00.5179951,2024-12-05 06:41:00.0265392
87A22FD9-71B1-4F56-E1A5-3A16A7C2EAA7,1000348,gerentest,10001002,0,TNOV,ETH,,0.0000000000,0.0000000000,0.0000000000,0.0000000000,0.0000000000,0.0000000000,0.0000000000,2024-12-05 06:51:00.6480776,0.0000000000,0.0000000000,NULL,0,NULL,NULL,2024-12-05 06:51:00.0221811,NULL,2024-12-05 06:41:00.0265392,2024-12-05 06:51:00.0221811
17572051-08D5-6791-F786-3A16A7C2EAC5,1000348,gerentest,10001002,0,BTC,BTC,2N3K3mDt73daNBvmB4Xm8HLcnZA5zeYUCCv,0.0000000000,0.0000000000,0.0000000000,0.0000000000,0.0000000000,0.0000000000,0.0000000000,2024-12-05 06:51:00.6781051,0.0000000000,0.0000000000,NULL,0,NULL,NULL,2024-12-05 06:51:00.0221811,NULL,2024-12-05 06:41:00.0265392,2024-12-05 06:51:00.0221811
F65283BA-C0A1-21EA-E738-3A16A7C2EAE4,1000348,gerentest,10001002,0,ETH,ETH,0x2e9e22f64ba0f37db5262ef46df56187512d7e0b,0.0710172836,0.0710172836,0.0000000000,0.0000000000,0.0000000000,0.0000000000,0.0000000000,2024-12-05 06:51:00.7084678,0.0000000000,0.0000000000,NULL,0,NULL,NULL,2024-12-05 06:51:00.0221811,NULL,2024-12-05 06:41:00.0265392,2024-12-05 06:51:00.0221811
